00001187 Date,00001187 Relative Humidity,000017A7 Date,000017A7 Relative Humidity,000017B2 Date,00001D73 Date,0000208C Date,0000208E Date,00002091 Date,0000209B Date,000020C7 Date,0000255D Date,00203660 Date,00203F1B Date,002040BB Date,00204C0F Date,002057D4 Date,00206457 Date,00206947 Date,0020F03C Date,0020F048 Date,0020F218 Date
2023-03-29 13:21:00,22.1,2023-10-23 20:00:00,92.32,2023-08-20 22:00:00,2023-07-03 14:00:00,2023-12-25 08:00:00,2023-12-24 21:00:00,2023-12-25 04:00:00,2023-11-20 05:00:00,2023-12-25 06:00:00,2023-12-25 09:30:00,2023-03-20 16:59:44,2023-12-25 09:00:00,2023-12-14 14:00:00,2023-12-22 23:00:00,2023-12-14 14:00:00,2023-12-14 06:00:00,2021-12-30 23:00:00,2023-12-22 23:00:00,2023-12-22 23:00:00,2023-12-25 06:25:00
2023-03-29 14:21:00,27.17,2023-10-23 21:00:00,89.31,2023-08-20 23:00:00,2023-07-03 15:00:00,2023-12-25 09:00:00,2023-12-24 22:00:00,2023-12-25 05:00:00,2023-11-20 06:00:00,2023-12-25 07:00:00,2023-12-25 10:30:00,2023-03-20 17:59:44,2023-12-25 10:00:00,2023-12-14 15:00:00,2023-12-23 00:00:00,2023-12-14 15:00:00,2023-12-14 07:00:00,2021-12-31 00:00:00,2023-12-23 00:00:00,2023-12-23 00:00:00,2023-12-25 07:25:00
2023-03-29 15:21:00,30.81,2023-10-23 22:00:00,87.02,2023-08-21 00:00:00,2023-07-03 16:00:00,2023-12-25 10:00:00,2023-12-24 23:00:00,2023-12-25 06:00:00,2023-11-20 07:00:00,2023-12-25 08:00:00,2023-12-25 11:30:00,2023-03-20 18:59:44,2023-12-25 11:00:00,2023-12-14 16:00:00,2023-12-23 01:00:00,2023-12-14 16:00:00,2023-12-14 08:00:00,2021-12-31 01:00:00,2023-12-23 01:00:00,2023-12-23 01:00:00,2023-12-25 08:25:00
2023-03-29 16:21:00,32.55,2023-10-23 23:00:00,84.42,2023-08-21 01:00:00,2023-07-03 17:00:00,2023-12-25 11:00:00,2023-12-25 00:00:00,2023-12-25 07:00:00,2023-11-20 08:00:00,2023-12-25 09:00:00,2023-12-25 12:30:00,2023-03-20 19:59:44,2023-12-25 12:00:00,2023-12-14 17:00:00,2023-12-23 02:00:00,2023-12-14 17:00:00,2023-12-14 09:00:00,2021-12-31 02:00:00,2023-12-23 02:00:00,2023-12-23 02:00:00,2023-12-25 09:25:00
2023-03-29 17:21:00,33.83,2023-10-24 00:00:00,79.56,2023-08-21 02:00:00,2023-07-03 18:00:00,2023-12-25 12:00:00,2023-12-25 01:00:00,2023-12-25 08:00:00,2023-11-20 09:00:00,2023-12-25 10:00:00,2023-12-25 13:30:00,2023-03-20 20:59:44,2023-12-25 13:00:00,2023-12-14 18:00:00,2023-12-23 03:00:00,2023-12-14 18:00:00,2023-12-14 10:00:00,2021-12-31 03:00:00,2023-12-23 03:00:00,2023-12-23 03:00:00,2023-12-25 10:25:00
2023-03-29 18:21:00,44.54,2023-10-24 01:00:00,75.9,2023-08-21 03:00:00,2023-07-03 19:00:00,2023-12-25 13:00:00,2023-12-25 02:00:00,2023-12-25 09:00:00,2023-11-20 10:00:00,2023-12-25 11:00:00,2023-12-25 14:30:00,2023-03-20 21:59:44,2023-12-25 14:00:00,2023-12-14 19:00:00,2023-12-23 04:00:00,2023-12-14 19:00:00,2023-12-14 11:00:00,2021-12-31 04:00:00,2023-12-23 04:00:00,2023-12-23 04:00:00,2023-12-25 11:25:00
2023-03-29 19:21:00,57.13,2023-10-24 02:00:00,70.96,2023-08-21 04:00:00,2023-07-03 20:00:00,2023-12-25 14:00:00,2023-12-25 03:00:00,2023-12-25 10:00:00,2023-11-20 11:00:00,2023-12-25 12:00:00,2023-12-25 15:30:00,2023-03-20 22:59:44,2023-12-25 15:00:00,2023-12-14 20:00:00,2023-12-23 05:00:00,2023-12-14 20:00:00,2023-12-14 12:00:00,2021-12-31 05:00:00,2023-12-23 05:00:00,2023-12-23 05:00:00,2023-12-25 12:25:00
2023-03-29 20:21:00,67.06,2023-10-24 03:00:00,69.01,2023-08-21 05:00:00,2023-07-03 21:00:00,2023-12-25 15:00:00,2023-12-25 04:00:00,2023-12-25 11:00:00,2023-11-20 12:00:00,2023-12-25 13:00:00,2023-12-25 16:30:00,2023-03-20 23:59:44,2023-12-25 16:00:00,2023-12-14 21:00:00,2023-12-23 06:00:00,2023-12-14 21:00:00,2023-12-14 13:00:00,2021-12-31 06:00:00,2023-12-23 06:00:00,2023-12-23 06:00:00,2023-12-25 13:25:00
2023-03-29 21:21:00,76.2,2023-10-24 04:00:00,64.68,2023-08-21 06:00:00,2023-07-03 22:00:00,2023-12-25 16:00:00,2023-12-25 05:00:00,2023-12-25 12:00:00,2023-11-20 13:00:00,2023-12-25 14:00:00,2023-12-25 17:30:00,2023-03-21 00:59:44,2023-12-25 17:00:00,2023-12-14 22:00:00,2023-12-23 07:00:00,2023-12-14 22:00:00,2023-12-14 14:00:00,2021-12-31 07:00:00,2023-12-23 07:00:00,2023-12-23 07:00:00,2023-12-25 14:25:00
2023-03-29 22:21:00,75.24,2023-10-24 05:00:00,59.61,2023-08-21 07:00:00,2023-07-03 23:00:00,2023-12-25 17:00:00,2023-12-25 06:00:00,2023-12-25 13:00:00,2023-11-20 14:00:00,2023-12-25 15:00:00,2023-12-25 18:30:00,2023-03-21 01:59:44,2023-12-25 18:00:00,2023-12-14 23:00:00,2023-12-23 08:00:00,2023-12-14 23:00:00,2023-12-14 15:00:00,2021-12-31 08:00:00,2023-12-23 08:00:00,2023-12-23 08:00:00,2023-12-25 15:25:00
2023-03-29 23:21:00,73.68,2023-10-24 06:00:00,54.92,2023-08-21 08:00:00,2023-07-04 00:00:00,2023-12-25 18:00:00,2023-12-25 07:00:00,2023-12-25 14:00:00,2023-11-20 15:00:00,2023-12-25 16:00:00,2023-12-25 19:30:00,2023-03-21 02:59:44,2023-12-25 19:00:00,2023-12-15 00:00:00,2023-12-23 09:00:00,2023-12-15 00:00:00,2023-12-14 16:00:00,2021-12-31 09:00:00,2023-12-23 09:00:00,2023-12-23 09:00:00,2023-12-25 16:25:00
2023-03-30 00:21:00,75.83,2023-10-24 07:00:00,52.74,2023-08-21 09:00:00,2023-07-04 01:00:00,2023-12-25 19:00:00,2023-12-25 08:00:00,2023-12-25 15:00:00,2023-11-20 16:00:00,2023-12-25 17:00:00,2023-12-25 20:30:00,2023-03-21 03:59:44,2023-12-25 20:00:00,2023-12-15 01:00:00,2023-12-23 10:00:00,2023-12-15 01:00:00,2023-12-14 17:00:00,2021-12-31 10:00:00,2023-12-23 10:00:00,2023-12-23 10:00:00,2023-12-25 17:25:00
2023-03-30 01:21:00,77.54,2023-10-24 08:00:00,49.88,2023-08-21 10:00:00,2023-07-04 02:00:00,2023-12-25 20:00:00,2023-12-25 09:00:00,2023-12-25 16:00:00,2023-11-20 17:00:00,2023-12-25 18:00:00,2023-12-25 21:30:00,2023-03-21 04:59:44,2023-12-25 21:00:00,2023-12-15 02:00:00,2023-12-23 11:00:00,2023-12-15 02:00:00,2023-12-14 18:00:00,2021-12-31 11:00:00,2023-12-23 11:00:00,2023-12-23 11:00:00,2023-12-25 18:25:00
2023-03-30 02:21:00,79.72,2023-10-24 09:00:00,44.17,2023-08-21 11:00:00,2023-07-04 03:00:00,2023-12-25 21:00:00,2023-12-25 10:00:00,2023-12-25 17:00:00,2023-11-20 18:00:00,2023-12-25 19:00:00,2023-12-25 22:30:00,2023-03-21 05:59:44,2023-12-25 22:00:00,2023-12-15 03:00:00,2023-12-23 12:00:00,2023-12-15 03:00:00,2023-12-14 19:00:00,2021-12-31 12:00:00,2023-12-23 12:00:00,2023-12-23 12:00:00,2023-12-25 19:25:00
2023-03-30 03:21:00,82.15,2023-10-24 10:00:00,39.52,2023-08-21 12:00:00,2023-07-04 04:00:00,2023-12-25 22:00:00,2023-12-25 11:00:00,2023-12-25 18:00:00,2023-11-20 19:00:00,2023-12-25 20:00:00,2023-12-25 23:30:00,2023-03-21 06:59:44,2023-12-25 23:00:00,2023-12-15 04:00:00,2023-12-23 13:00:00,2023-12-15 04:00:00,2023-12-14 20:00:00,2021-12-31 13:00:00,2023-12-23 13:00:00,2023-12-23 13:00:00,2023-12-25 20:25:00
2023-03-30 04:21:00,78.49,2023-10-24 11:00:00,36.64,2023-08-21 13:00:00,2023-07-04 05:00:00,2023-12-25 23:00:00,2023-12-25 12:00:00,2023-12-25 19:00:00,2023-11-20 20:00:00,2023-12-25 21:00:00,2023-12-26 00:30:00,2023-03-21 07:59:44,2023-12-26 00:00:00,2023-12-15 05:00:00,2023-12-23 14:00:00,2023-12-15 05:00:00,2023-12-14 21:00:00,2021-12-31 14:00:00,2023-12-23 14:00:00,2023-12-23 14:00:00,2023-12-25 21:25:00
2023-03-30 05:21:00,80.49,2023-10-24 12:00:00,35.53,2023-08-21 14:00:00,2023-07-04 06:00:00,2023-12-26 00:00:00,2023-12-25 13:00:00,2023-12-25 20:00:00,2023-11-20 21:00:00,2023-12-25 22:00:00,2023-12-26 01:30:00,2023-03-21 08:59:44,2023-12-26 01:00:00,2023-12-15 06:00:00,2023-12-23 15:00:00,2023-12-15 06:00:00,2023-12-14 22:00:00,2021-12-31 15:00:00,2023-12-23 15:00:00,2023-12-23 15:00:00,2023-12-25 22:25:00
2023-03-30 06:21:00,79.66,2023-10-24 13:00:00,36.32,2023-08-21 15:00:00,2023-07-04 07:00:00,2023-12-26 01:00:00,2023-12-25 14:00:00,2023-12-25 21:00:00,2023-11-20 22:00:00,2023-12-25 23:00:00,2023-12-26 02:30:00,2023-03-21 09:59:44,2023-12-26 02:00:00,2023-12-15 07:00:00,2023-12-23 16:00:00,2023-12-15 07:00:00,2023-12-14 23:00:00,2021-12-31 16:00:00,2023-12-23 16:00:00,2023-12-23 16:00:00,2023-12-25 23:25:00
2023-03-30 07:21:00,73.82,2023-10-24 14:00:00,37.81,2023-08-21 16:00:00,2023-07-04 08:00:00,2023-12-26 02:00:00,2023-12-25 15:00:00,2023-12-25 22:00:00,2023-11-20 23:00:00,2023-12-26 00:00:00,2023-12-26 03:30:00,2023-03-21 10:59:44,2023-12-26 03:00:00,2023-12-15 08:00:00,2023-12-23 17:00:00,2023-12-15 08:00:00,2023-12-15 00:00:00,2021-12-31 17:00:00,2023-12-23 17:00:00,2023-12-23 17:00:00,2023-12-26 00:25:00
2023-03-30 08:21:00,67.52,2023-10-24 15:00:00,39.27,2023-08-21 17:00:00,2023-07-04 09:00:00,2023-12-26 03:00:00,2023-12-25 16:00:00,2023-12-25 23:00:00,2023-11-21 00:00:00,2023-12-26 01:00:00,2023-12-26 04:30:00,2023-03-21 11:59:44,2023-12-26 04:00:00,2023-12-15 09:00:00,2023-12-23 18:00:00,2023-12-15 09:00:00,2023-12-15 01:00:00,2021-12-31 18:00:00,2023-12-23 18:00:00,2023-12-23 18:00:00,2023-12-26 01:25:00
2023-03-30 09:21:00,61.56,2023-10-24 16:00:00,43.53,2023-08-21 18:00:00,2023-07-04 10:00:00,2023-12-26 04:00:00,2023-12-25 17:00:00,2023-12-26 00:00:00,2023-11-21 01:00:00,2023-12-26 02:00:00,2023-12-26 05:30:00,2023-03-21 12:59:44,2023-12-26 05:00:00,2023-12-15 10:00:00,2023-12-23 19:00:00,2023-12-15 10:00:00,2023-12-15 02:00:00,2021-12-31 19:00:00,2023-12-23 19:00:00,2023-12-23 19:00:00,2023-12-26 02:25:00
2023-03-30 10:21:00,54.92,2023-10-24 17:00:00,45.81,2023-08-21 19:00:00,2023-07-04 11:00:00,2023-12-26 05:00:00,2023-12-25 18:00:00,2023-12-26 01:00:00,2023-11-21 02:00:00,2023-12-26 03:00:00,2023-12-26 06:30:00,2023-03-21 13:59:44,2023-12-26 06:00:00,2023-12-15 11:00:00,2023-12-23 20:00:00,2023-12-15 11:00:00,2023-12-15 03:00:00,2021-12-31 20:00:00,2023-12-23 20:00:00,2023-12-23 20:00:00,2023-12-26 03:25:00
2023-03-30 11:21:00,49.5,2023-10-24 18:00:00,48.82,2023-08-21 20:00:00,2023-07-04 12:00:00,2023-12-26 06:00:00,2023-12-25 19:00:00,2023-12-26 02:00:00,2023-11-21 03:00:00,2023-12-26 04:00:00,2023-12-26 07:30:00,2023-03-21 14:59:44,2023-12-26 07:00:00,2023-12-15 12:00:00,2023-12-23 21:00:00,2023-12-15 12:00:00,2023-12-15 04:00:00,2021-12-31 21:00:00,2023-12-23 21:00:00,2023-12-23 21:00:00,2023-12-26 04:25:00
2023-03-30 12:21:00,46.96,2023-10-24 19:00:00,49.71,2023-08-21 21:00:00,2023-07-04 13:00:00,2023-12-26 07:00:00,2023-12-25 20:00:00,2023-12-26 03:00:00,2023-11-21 04:00:00,2023-12-26 05:00:00,2023-12-26 08:30:00,2023-03-21 15:59:44,2023-12-26 08:00:00,2023-12-15 13:00:00,2023-12-23 22:00:00,2023-12-15 13:00:00,2023-12-15 05:00:00,2021-12-31 22:00:00,2023-12-23 22:00:00,2023-12-23 22:00:00,2023-12-26 05:25:00
2023-03-30 13:21:00,51.67,2023-10-24 20:00:00,46.82,2023-08-21 22:00:00,2023-07-04 14:00:00,2023-12-26 08:00:00,2023-12-25 21:00:00,2023-12-26 04:00:00,2023-11-21 05:00:00,2023-12-26 06:00:00,2023-12-26 09:30:00,2023-03-21 16:59:44,2023-12-26 09:00:00,2023-12-15 14:00:00,2023-12-23 23:00:00,2023-12-15 14:00:00,2023-12-15 06:00:00,2021-12-31 23:00:00,2023-12-23 23:00:00,2023-12-23 23:00:00,2023-12-26 06:25:00
2023-03-30 14:21:00,59.58,2023-10-24 21:00:00,42.19,2023-08-21 23:00:00,2023-07-04 15:00:00,2023-12-26 09:00:00,2023-12-25 22:00:00,2023-12-26 05:00:00,2023-11-21 06:00:00,2023-12-26 07:00:00,2023-12-26 10:30:00,2023-03-21 17:59:44,2023-12-26 10:00:00,2023-12-15 15:00:00,2023-12-24 00:00:00,2023-12-15 15:00:00,2023-12-15 07:00:00,2022-01-01 00:00:00,2023-12-24 00:00:00,2023-12-24 00:00:00,2023-12-26 07:25:00
2023-03-30 15:21:00,66.79,2023-10-24 22:00:00,38.12,2023-08-22 00:00:00,2023-07-04 16:00:00,2023-12-26 10:00:00,2023-12-25 23:00:00,2023-12-26 06:00:00,2023-11-21 07:00:00,2023-12-26 08:00:00,2023-12-26 11:30:00,2023-03-21 18:59:44,2023-12-26 11:00:00,2023-12-15 16:00:00,2023-12-24 01:00:00,2023-12-15 16:00:00,2023-12-15 08:00:00,2022-01-01 01:00:00,2023-12-24 01:00:00,2023-12-24 01:00:00,2023-12-26 08:25:00
2023-03-30 16:21:00,81.61,2023-10-24 23:00:00,36.21,2023-08-22 01:00:00,2023-07-04 17:00:00,2023-12-26 11:00:00,2023-12-26 00:00:00,2023-12-26 07:00:00,2023-11-21 08:00:00,2023-12-26 09:00:00,2023-12-26 12:30:00,2023-03-21 19:59:44,2023-12-26 12:00:00,2023-12-15 17:00:00,2023-12-24 02:00:00,2023-12-15 17:00:00,2023-12-15 09:00:00,2022-01-01 02:00:00,2023-12-24 02:00:00,2023-12-24 02:00:00,2023-12-26 09:25:00
2023-03-30 17:21:00,88.5,2023-10-25 00:00:00,34.26,2023-08-22 02:00:00,2023-07-04 18:00:00,2023-12-26 12:00:00,2023-12-26 01:00:00,2023-12-26 08:00:00,2023-11-21 09:00:00,2023-12-26 10:00:00,2023-12-26 13:30:00,2023-03-21 20:59:44,2023-12-26 13:00:00,2023-12-15 18:00:00,2023-12-24 03:00:00,2023-12-15 18:00:00,2023-12-15 10:00:00,2022-01-01 03:00:00,2023-12-24 03:00:00,2023-12-24 03:00:00,2023-12-26 10:25:00
2023-03-30 18:21:00,90.22,2023-10-25 01:00:00,31.2,2023-08-22 03:00:00,2023-07-04 19:00:00,2023-12-26 13:00:00,2023-12-26 02:00:00,2023-12-26 09:00:00,2023-11-21 10:00:00,2023-12-26 11:00:00,2023-12-26 14:30:00,2023-03-21 21:59:44,2023-12-26 14:00:00,2023-12-15 19:00:00,2023-12-24 04:00:00,2023-12-15 19:00:00,2023-12-15 11:00:00,2022-01-01 04:00:00,2023-12-24 04:00:00,2023-12-24 04:00:00,2023-12-26 11:25:00
2023-03-30 19:21:00,92.8,2023-10-25 02:00:00,28.29,2023-08-22 04:00:00,2023-07-04 20:00:00,2023-12-26 14:00:00,2023-12-26 03:00:00,2023-12-26 10:00:00,2023-11-21 11:00:00,2023-12-26 12:00:00,2023-12-26 15:30:00,2023-03-21 22:59:44,2023-12-26 15:00:00,2023-12-15 20:00:00,2023-12-24 05:00:00,2023-12-15 20:00:00,2023-12-15 12:00:00,2022-01-01 05:00:00,2023-12-24 05:00:00,2023-12-24 05:00:00,2023-12-26 12:25:00
2023-03-30 20:21:00,90.43,2023-10-25 03:00:00,27.11,2023-08-22 05:00:00,2023-07-04 21:00:00,2023-12-26 15:00:00,2023-12-26 04:00:00,2023-12-26 11:00:00,2023-11-21 12:00:00,2023-12-26 13:00:00,2023-12-26 16:30:00,2023-03-21 23:59:44,2023-12-26 16:00:00,2023-12-15 21:00:00,2023-12-24 06:00:00,2023-12-15 21:00:00,2023-12-15 13:00:00,2022-01-01 06:00:00,2023-12-24 06:00:00,2023-12-24 06:00:00,2023-12-26 13:25:00
2023-03-30 21:21:00,86.97,2023-10-25 04:00:00,27.38,2023-08-22 06:00:00,2023-07-04 22:00:00,2023-12-26 16:00:00,2023-12-26 05:00:00,2023-12-26 12:00:00,2023-11-21 13:00:00,2023-12-26 14:00:00,2023-12-26 17:30:00,2023-03-22 00:59:44,2023-12-26 17:00:00,2023-12-15 22:00:00,2023-12-24 07:00:00,2023-12-15 22:00:00,2023-12-15 14:00:00,2022-01-01 07:00:00,2023-12-24 07:00:00,2023-12-24 07:00:00,2023-12-26 14:25:00
2023-03-30 22:21:00,80.74,2023-10-25 05:00:00,28.48,2023-08-22 07:00:00,2023-07-04 23:00:00,2023-12-26 17:00:00,2023-12-26 06:00:00,2023-12-26 13:00:00,2023-11-21 14:00:00,2023-12-26 15:00:00,2023-12-26 18:30:00,2023-03-22 01:59:44,2023-12-26 18:00:00,2023-12-15 23:00:00,2023-12-24 08:00:00,2023-12-15 23:00:00,2023-12-15 15:00:00,2022-01-01 08:00:00,2023-12-24 08:00:00,2023-12-24 08:00:00,2023-12-26 15:25:00
2023-03-30 23:21:00,74.56,2023-10-25 06:00:00,28.32,2023-08-22 08:00:00,2023-07-05 00:00:00,2023-12-26 18:00:00,2023-12-26 07:00:00,2023-12-26 14:00:00,2023-11-21 15:00:00,2023-12-26 16:00:00,2023-12-26 19:30:00,2023-03-22 02:59:44,2023-12-26 19:00:00,2023-12-16 00:00:00,2023-12-24 09:00:00,2023-12-16 00:00:00,2023-12-15 16:00:00,2022-01-01 09:00:00,2023-12-24 09:00:00,2023-12-24 09:00:00,2023-12-26 16:25:00
2023-03-31 00:21:00,77.69,2023-10-25 07:00:00,27.43,2023-08-22 09:00:00,2023-07-05 01:00:00,2023-12-26 19:00:00,2023-12-26 08:00:00,2023-12-26 15:00:00,2023-11-21 16:00:00,2023-12-26 17:00:00,2023-12-26 20:30:00,2023-03-22 03:59:44,2023-12-26 20:00:00,2023-12-16 01:00:00,2023-12-24 10:00:00,2023-12-16 01:00:00,2023-12-15 17:00:00,2022-01-01 10:00:00,2023-12-24 10:00:00,2023-12-24 10:00:00,2023-12-26 17:25:00
2023-03-31 01:21:00,77.02,2023-10-25 08:00:00,25.66,2023-08-22 10:00:00,2023-07-05 02:00:00,2023-12-26 20:00:00,2023-12-26 09:00:00,2023-12-26 16:00:00,2023-11-21 17:00:00,2023-12-26 18:00:00,2023-12-26 21:30:00,2023-03-22 04:59:44,2023-12-26 21:00:00,2023-12-16 02:00:00,2023-12-24 11:00:00,2023-12-16 02:00:00,2023-12-15 18:00:00,2022-01-01 11:00:00,2023-12-24 11:00:00,2023-12-24 11:00:00,2023-12-26 18:25:00
2023-03-31 02:21:00,77.77,2023-10-25 09:00:00,23.36,2023-08-22 11:00:00,2023-07-05 03:00:00,2023-12-26 21:00:00,2023-12-26 10:00:00,2023-12-26 17:00:00,2023-11-21 18:00:00,2023-12-26 19:00:00,2023-12-26 22:30:00,2023-03-22 05:59:44,2023-12-26 22:00:00,2023-12-16 03:00:00,2023-12-24 12:00:00,2023-12-16 03:00:00,2023-12-15 19:00:00,2022-01-01 12:00:00,2023-12-24 12:00:00,2023-12-24 12:00:00,2023-12-26 19:25:00
2023-03-31 03:21:00,84.02,2023-10-25 10:00:00,21.38,2023-08-22 12:00:00,2023-07-05 04:00:00,2023-12-26 22:00:00,2023-12-26 11:00:00,2023-12-26 18:00:00,2023-11-21 19:00:00,2023-12-26 20:00:00,2023-12-26 23:30:00,2023-03-22 06:59:44,2023-12-26 23:00:00,2023-12-16 04:00:00,2023-12-24 13:00:00,2023-12-16 04:00:00,2023-12-15 20:00:00,2022-01-01 13:00:00,2023-12-24 13:00:00,2023-12-24 13:00:00,2023-12-26 20:25:00
2023-03-31 04:21:00,84.46,2023-10-25 11:00:00,21.62,2023-08-22 13:00:00,2023-07-05 05:00:00,2023-12-26 23:00:00,2023-12-26 12:00:00,2023-12-26 19:00:00,2023-11-21 20:00:00,2023-12-26 21:00:00,2023-12-27 00:30:00,2023-03-22 07:59:44,2023-12-27 00:00:00,2023-12-16 05:00:00,2023-12-24 14:00:00,2023-12-16 05:00:00,2023-12-15 21:00:00,2022-01-01 14:00:00,2023-12-24 14:00:00,2023-12-24 14:00:00,2023-12-26 21:25:00
2023-03-31 05:21:00,85.9,2023-10-25 12:00:00,21.53,2023-08-22 14:00:00,2023-07-05 06:00:00,2023-12-27 00:00:00,2023-12-26 13:00:00,2023-12-26 20:00:00,2023-11-21 21:00:00,2023-12-26 22:00:00,2023-12-27 01:30:00,2023-03-22 08:59:44,2023-12-27 01:00:00,2023-12-16 06:00:00,2023-12-24 15:00:00,2023-12-16 06:00:00,2023-12-15 22:00:00,2022-01-01 15:00:00,2023-12-24 15:00:00,2023-12-24 15:00:00,2023-12-26 22:25:00
2023-03-31 06:21:00,83.03,2023-10-25 13:00:00,20.83,2023-08-22 15:00:00,2023-07-05 07:00:00,2023-12-27 01:00:00,2023-12-26 14:00:00,2023-12-26 21:00:00,2023-11-21 22:00:00,2023-12-26 23:00:00,2023-12-27 02:30:00,2023-03-22 09:59:44,2023-12-27 02:00:00,2023-12-16 07:00:00,2023-12-24 16:00:00,2023-12-16 07:00:00,2023-12-15 23:00:00,2022-01-01 16:00:00,2023-12-24 16:00:00,2023-12-24 16:00:00,2023-12-26 23:25:00
2023-03-31 07:21:00,82.49,2023-10-25 14:00:00,21.77,2023-08-22 16:00:00,2023-07-05 08:00:00,2023-12-27 02:00:00,2023-12-26 15:00:00,2023-12-26 22:00:00,2023-11-21 23:00:00,2023-12-27 00:00:00,2023-12-27 03:30:00,2023-03-22 10:59:44,2023-12-27 03:00:00,2023-12-16 08:00:00,2023-12-24 17:00:00,2023-12-16 08:00:00,2023-12-16 00:00:00,2022-01-01 17:00:00,2023-12-24 17:00:00,2023-12-24 17:00:00,2023-12-27 00:25:00
2023-03-31 08:21:00,81.89,2023-10-25 15:00:00,26.47,2023-08-22 17:00:00,2023-07-05 09:00:00,2023-12-27 03:00:00,2023-12-26 16:00:00,2023-12-26 23:00:00,2023-11-22 00:00:00,2023-12-27 01:00:00,2023-12-27 04:30:00,2023-03-22 11:59:44,2023-12-27 04:00:00,2023-12-16 09:00:00,2023-12-24 18:00:00,2023-12-16 09:00:00,2023-12-16 01:00:00,2022-01-01 18:00:00,2023-12-24 18:00:00,2023-12-24 18:00:00,2023-12-27 01:25:00
2023-03-31 09:21:00,82.21,2023-10-25 16:00:00,29.65,2023-08-22 18:00:00,2023-07-05 10:00:00,2023-12-27 04:00:00,2023-12-26 17:00:00,2023-12-27 00:00:00,2023-11-22 01:00:00,2023-12-27 02:00:00,2023-12-27 05:30:00,2023-03-22 12:59:44,2023-12-27 05:00:00,2023-12-16 10:00:00,2023-12-24 19:00:00,2023-12-16 10:00:00,2023-12-16 02:00:00,2022-01-01 19:00:00,2023-12-24 19:00:00,2023-12-24 19:00:00,2023-12-27 02:25:00
2023-03-31 10:21:00,82.38,2023-10-25 17:00:00,33.08,2023-08-22 19:00:00,2023-07-05 11:00:00,2023-12-27 05:00:00,2023-12-26 18:00:00,2023-12-27 01:00:00,2023-11-22 02:00:00,2023-12-27 03:00:00,2023-12-27 06:30:00,2023-03-22 13:59:44,2023-12-27 06:00:00,2023-12-16 11:00:00,2023-12-24 20:00:00,2023-12-16 11:00:00,2023-12-16 03:00:00,2022-01-01 20:00:00,2023-12-24 20:00:00,2023-12-24 20:00:00,2023-12-27 03:25:00
2023-03-31 11:21:00,83.63,2023-10-25 18:00:00,32.92,2023-08-22 20:00:00,2023-07-05 12:00:00,2023-12-27 06:00:00,2023-12-26 19:00:00,2023-12-27 02:00:00,2023-11-22 03:00:00,2023-12-27 04:00:00,2023-12-27 07:30:00,2023-03-22 14:59:44,2023-12-27 07:00:00,2023-12-16 12:00:00,2023-12-24 21:00:00,2023-12-16 12:00:00,2023-12-16 04:00:00,2022-01-01 21:00:00,2023-12-24 21:00:00,2023-12-24 21:00:00,2023-12-27 04:25:00
2023-03-31 12:21:00,87.22,2023-10-25 19:00:00,30.16,2023-08-22 21:00:00,2023-07-05 13:00:00,2023-12-27 07:00:00,2023-12-26 20:00:00,2023-12-27 03:00:00,2023-11-22 04:00:00,2023-12-27 05:00:00,2023-12-27 08:30:00,2023-03-22 15:59:44,2023-12-27 08:00:00,2023-12-16 13:00:00,2023-12-24 22:00:00,2023-12-16 13:00:00,2023-12-16 05:00:00,2022-01-01 22:00:00,2023-12-24 22:00:00,2023-12-24 22:00:00,2023-12-27 05:25:00
2023-03-31 13:21:00,91.62,2023-10-25 20:00:00,27.52,2023-08-22 22:00:00,2023-07-05 14:00:00,2023-12-27 08:00:00,2023-12-26 21:00:00,2023-12-27 04:00:00,2023-11-22 05:00:00,2023-12-27 06:00:00,2023-12-27 09:30:00,2023-03-22 16:59:44,2023-12-27 09:00:00,2023-12-16 14:00:00,2023-12-24 23:00:00,2023-12-16 14:00:00,2023-12-16 06:00:00,2022-01-01 23:00:00,2023-12-24 23:00:00,2023-12-24 23:00:00,2023-12-27 06:25:00
2023-03-31 14:21:00,93.33,2023-10-25 21:00:00,23.18,2023-08-22 23:00:00,2023-07-05 15:00:00,2023-12-27 09:00:00,2023-12-26 22:00:00,2023-12-27 05:00:00,2023-11-22 06:00:00,2023-12-27 07:00:00,2023-12-27 10:30:00,2023-03-22 17:59:44,2023-12-27 10:00:00,2023-12-16 15:00:00,2023-12-25 00:00:00,2023-12-16 15:00:00,2023-12-16 07:00:00,2022-01-02 00:00:00,2023-12-25 00:00:00,2023-12-25 00:00:00,2023-12-27 07:25:00
2023-03-31 15:21:00,91.72,2023-10-25 22:00:00,19.52,2023-08-23 00:00:00,2023-07-05 16:00:00,2023-12-27 10:00:00,2023-12-26 23:00:00,2023-12-27 06:00:00,2023-11-22 07:00:00,2023-12-27 08:00:00,2023-12-27 11:30:00,2023-03-22 18:59:44,2023-12-27 11:00:00,2023-12-16 16:00:00,2023-12-25 01:00:00,2023-12-16 16:00:00,2023-12-16 08:00:00,2022-01-02 01:00:00,2023-12-25 01:00:00,2023-12-25 01:00:00,2023-12-27 08:25:00
2023-03-31 16:21:00,91.0,2023-10-25 23:00:00,17.41,2023-08-23 01:00:00,2023-07-05 17:00:00,2023-12-27 11:00:00,2023-12-27 00:00:00,2023-12-27 07:00:00,2023-11-22 08:00:00,2023-12-27 09:00:00,2023-12-27 12:30:00,2023-03-22 19:59:44,2023-12-27 12:00:00,2023-12-16 17:00:00,2023-12-25 02:00:00,2023-12-16 17:00:00,2023-12-16 09:00:00,2022-01-02 02:00:00,2023-12-25 02:00:00,2023-12-25 02:00:00,2023-12-27 09:25:00
2023-03-31 17:21:00,87.92,2023-10-26 00:00:00,16.57,2023-08-23 02:00:00,2023-07-05 18:00:00,2023-12-27 12:00:00,2023-12-27 01:00:00,2023-12-27 08:00:00,2023-11-22 09:00:00,2023-12-27 10:00:00,2023-12-27 13:30:00,2023-03-22 20:59:44,2023-12-27 13:00:00,2023-12-16 18:00:00,2023-12-25 03:00:00,2023-12-16 18:00:00,2023-12-16 10:00:00,2022-01-02 03:00:00,2023-12-25 03:00:00,2023-12-25 03:00:00,2023-12-27 10:25:00
2023-03-31 18:21:00,87.59,2023-10-26 01:00:00,15.86,2023-08-23 03:00:00,2023-07-05 19:00:00,2023-12-27 13:00:00,2023-12-27 02:00:00,2023-12-27 09:00:00,2023-11-22 10:00:00,2023-12-27 11:00:00,2023-12-27 14:30:00,2023-03-22 21:59:44,2023-12-27 14:00:00,2023-12-16 19:00:00,2023-12-25 04:00:00,2023-12-16 19:00:00,2023-12-16 11:00:00,2022-01-02 04:00:00,2023-12-25 04:00:00,2023-12-25 04:00:00,2023-12-27 11:25:00
2023-03-31 19:21:00,88.29,2023-10-26 02:00:00,15.78,2023-08-23 04:00:00,2023-07-05 20:00:00,2023-12-27 14:00:00,2023-12-27 03:00:00,2023-12-27 10:00:00,2023-11-22 11:00:00,2023-12-27 12:00:00,2023-12-27 15:30:00,2023-03-22 22:59:44,2023-12-27 15:00:00,2023-12-16 20:00:00,2023-12-25 05:00:00,2023-12-16 20:00:00,2023-12-16 12:00:00,2022-01-02 05:00:00,2023-12-25 05:00:00,2023-12-25 05:00:00,2023-12-27 12:25:00
2023-03-31 20:21:00,88.39,2023-10-26 03:00:00,15.28,2023-08-23 05:00:00,2023-07-05 21:00:00,2023-12-27 15:00:00,2023-12-27 04:00:00,2023-12-27 11:00:00,2023-11-22 12:00:00,2023-12-27 13:00:00,2023-12-27 16:30:00,2023-03-22 23:59:44,2023-12-27 16:00:00,2023-12-16 21:00:00,2023-12-25 06:00:00,2023-12-16 21:00:00,2023-12-16 13:00:00,2022-01-02 06:00:00,2023-12-25 06:00:00,2023-12-25 06:00:00,2023-12-27 13:25:00
2023-03-31 21:21:00,83.14,2023-10-26 04:00:00,15.32,2023-08-23 06:00:00,2023-07-05 22:00:00,2023-12-27 16:00:00,2023-12-27 05:00:00,2023-12-27 12:00:00,2023-11-22 13:00:00,2023-12-27 14:00:00,2023-12-27 17:30:00,2023-03-23 00:59:44,2023-12-27 17:00:00,2023-12-16 22:00:00,2023-12-25 07:00:00,2023-12-16 22:00:00,2023-12-16 14:00:00,2022-01-02 07:00:00,2023-12-25 07:00:00,2023-12-25 07:00:00,2023-12-27 14:25:00
2023-03-31 22:21:00,79.28,2023-10-26 05:00:00,15.39,2023-08-23 07:00:00,2023-07-05 23:00:00,2023-12-27 17:00:00,2023-12-27 06:00:00,2023-12-27 13:00:00,2023-11-22 14:00:00,2023-12-27 15:00:00,2023-12-27 18:30:00,2023-03-23 01:59:44,2023-12-27 18:00:00,2023-12-16 23:00:00,2023-12-25 08:00:00,2023-12-16 23:00:00,2023-12-16 15:00:00,2022-01-02 08:00:00,2023-12-25 08:00:00,2023-12-25 08:00:00,2023-12-27 15:25:00
2023-03-31 23:21:00,81.19,2023-10-26 06:00:00,15.03,2023-08-23 08:00:00,2023-07-06 00:00:00,2023-12-27 18:00:00,2023-12-27 07:00:00,2023-12-27 14:00:00,2023-11-22 15:00:00,2023-12-27 16:00:00,2023-12-27 19:30:00,2023-03-23 02:59:44,2023-12-27 19:00:00,2023-12-17 00:00:00,2023-12-25 09:00:00,2023-12-17 00:00:00,2023-12-16 16:00:00,2022-01-02 09:00:00,2023-12-25 09:00:00,2023-12-25 09:00:00,2023-12-27 16:25:00
2023-04-01 00:21:00,85.72,2023-10-26 07:00:00,12.68,2023-08-23 09:00:00,2023-07-06 01:00:00,2023-12-27 19:00:00,2023-12-27 08:00:00,2023-12-27 15:00:00,2023-11-22 16:00:00,2023-12-27 17:00:00,2023-12-27 20:30:00,2023-03-23 03:59:44,2023-12-27 20:00:00,2023-12-17 01:00:00,2023-12-25 10:00:00,2023-12-17 01:00:00,2023-12-16 17:00:00,2022-01-02 10:00:00,2023-12-25 10:00:00,2023-12-25 10:00:00,2023-12-27 17:25:00
2023-04-01 01:21:00,89.33,2023-10-26 08:00:00,11.97,2023-08-23 10:00:00,2023-07-06 02:00:00,2023-12-27 20:00:00,2023-12-27 09:00:00,2023-12-27 16:00:00,2023-11-22 17:00:00,2023-12-27 18:00:00,2023-12-27 21:30:00,2023-03-23 04:59:44,2023-12-27 21:00:00,2023-12-17 02:00:00,2023-12-25 11:00:00,2023-12-17 02:00:00,2023-12-16 18:00:00,2022-01-02 11:00:00,2023-12-25 11:00:00,2023-12-25 11:00:00,2023-12-27 18:25:00
2023-04-01 02:21:00,94.56,2023-10-26 09:00:00,10.38,2023-08-23 11:00:00,2023-07-06 03:00:00,2023-12-27 21:00:00,2023-12-27 10:00:00,2023-12-27 17:00:00,2023-11-22 18:00:00,2023-12-27 19:00:00,2023-12-27 22:30:00,2023-03-23 05:59:44,2023-12-27 22:00:00,2023-12-17 03:00:00,2023-12-25 12:00:00,2023-12-17 03:00:00,2023-12-16 19:00:00,2022-01-02 12:00:00,2023-12-25 12:00:00,2023-12-25 12:00:00,2023-12-27 19:25:00
2023-04-01 03:21:00,97.3,2023-10-26 10:00:00,9.42,2023-08-23 12:00:00,2023-07-06 04:00:00,2023-12-27 22:00:00,2023-12-27 11:00:00,2023-12-27 18:00:00,2023-11-22 19:00:00,2023-12-27 20:00:00,2023-12-27 23:30:00,2023-03-23 06:59:44,2023-12-27 23:00:00,2023-12-17 04:00:00,2023-12-25 13:00:00,2023-12-17 04:00:00,2023-12-16 20:00:00,2022-01-02 13:00:00,2023-12-25 13:00:00,2023-12-25 13:00:00,2023-12-27 20:25:00
2023-04-01 04:21:00,96.31,2023-10-26 11:00:00,9.81,2023-08-23 13:00:00,2023-07-06 05:00:00,2023-12-27 23:00:00,2023-12-27 12:00:00,2023-12-27 19:00:00,2023-11-22 20:00:00,2023-12-27 21:00:00,2023-12-28 00:30:00,2023-03-23 07:59:44,2023-12-28 00:00:00,2023-12-17 05:00:00,2023-12-25 14:00:00,2023-12-17 05:00:00,2023-12-16 21:00:00,2022-01-02 14:00:00,2023-12-25 14:00:00,2023-12-25 14:00:00,2023-12-27 21:25:00
2023-04-01 05:21:00,94.17,2023-10-26 12:00:00,11.28,2023-08-23 14:00:00,2023-07-06 06:00:00,2023-12-28 00:00:00,2023-12-27 13:00:00,2023-12-27 20:00:00,2023-11-22 21:00:00,2023-12-27 22:00:00,2023-12-28 01:30:00,2023-03-23 08:59:44,2023-12-28 01:00:00,2023-12-17 06:00:00,2023-12-25 15:00:00,2023-12-17 06:00:00,2023-12-16 22:00:00,2022-01-02 15:00:00,2023-12-25 15:00:00,2023-12-25 15:00:00,2023-12-27 22:25:00
2023-04-01 06:21:00,91.6,2023-10-26 13:00:00,13.59,2023-08-23 15:00:00,2023-07-06 07:00:00,2023-12-28 01:00:00,2023-12-27 14:00:00,2023-12-27 21:00:00,2023-11-22 22:00:00,2023-12-27 23:00:00,2023-12-28 02:30:00,2023-03-23 09:59:44,2023-12-28 02:00:00,2023-12-17 07:00:00,2023-12-25 16:00:00,2023-12-17 07:00:00,2023-12-16 23:00:00,2022-01-02 16:00:00,2023-12-25 16:00:00,2023-12-25 16:00:00,2023-12-27 23:25:00
2023-04-01 07:21:00,90.43,2023-10-26 14:00:00,16.27,2023-08-23 16:00:00,2023-07-06 08:00:00,2023-12-28 02:00:00,2023-12-27 15:00:00,2023-12-27 22:00:00,2023-11-22 23:00:00,2023-12-28 00:00:00,2023-12-28 03:30:00,2023-03-23 10:59:44,2023-12-28 03:00:00,2023-12-17 08:00:00,2023-12-25 17:00:00,2023-12-17 08:00:00,2023-12-17 00:00:00,2022-01-02 17:00:00,2023-12-25 17:00:00,2023-12-25 17:00:00,2023-12-28 00:25:00
2023-04-01 08:21:00,87.67,2023-10-26 15:00:00,18.26,2023-08-23 17:00:00,2023-07-06 09:00:00,2023-12-28 03:00:00,2023-12-27 16:00:00,2023-12-27 23:00:00,2023-11-23 00:00:00,2023-12-28 01:00:00,2023-12-28 04:30:00,2023-03-23 11:59:44,2023-12-28 04:00:00,2023-12-17 09:00:00,2023-12-25 18:00:00,2023-12-17 09:00:00,2023-12-17 01:00:00,2022-01-02 18:00:00,2023-12-25 18:00:00,2023-12-25 18:00:00,2023-12-28 01:25:00
2023-04-01 09:21:00,81.53,2023-10-26 16:00:00,20.47,2023-08-23 18:00:00,2023-07-06 10:00:00,2023-12-28 04:00:00,2023-12-27 17:00:00,2023-12-28 00:00:00,2023-11-23 01:00:00,2023-12-28 02:00:00,2023-12-28 05:30:00,2023-03-23 12:59:44,2023-12-28 05:00:00,2023-12-17 10:00:00,2023-12-25 19:00:00,2023-12-17 10:00:00,2023-12-17 02:00:00,2022-01-02 19:00:00,2023-12-25 19:00:00,2023-12-25 19:00:00,2023-12-28 02:25:00
2023-04-01 10:21:00,76.96,2023-10-26 17:00:00,21.1,2023-08-23 19:00:00,2023-07-06 11:00:00,2023-12-28 05:00:00,2023-12-27 18:00:00,2023-12-28 01:00:00,2023-11-23 02:00:00,2023-12-28 03:00:00,2023-12-28 06:30:00,2023-03-23 13:59:44,2023-12-28 06:00:00,2023-12-17 11:00:00,2023-12-25 20:00:00,2023-12-17 11:00:00,2023-12-17 03:00:00,2022-01-02 20:00:00,2023-12-25 20:00:00,2023-12-25 20:00:00,2023-12-28 03:25:00
2023-04-01 11:21:00,76.08,2023-10-26 18:00:00,23.2,2023-08-23 20:00:00,2023-07-06 12:00:00,2023-12-28 06:00:00,2023-12-27 19:00:00,2023-12-28 02:00:00,2023-11-23 03:00:00,2023-12-28 04:00:00,2023-12-28 07:30:00,2023-03-23 14:59:44,2023-12-28 07:00:00,2023-12-17 12:00:00,2023-12-25 21:00:00,2023-12-17 12:00:00,2023-12-17 04:00:00,2022-01-02 21:00:00,2023-12-25 21:00:00,2023-12-25 21:00:00,2023-12-28 04:25:00
2023-04-01 12:21:00,74.51,2023-10-26 19:00:00,21.23,2023-08-23 21:00:00,2023-07-06 13:00:00,2023-12-28 07:00:00,2023-12-27 20:00:00,2023-12-28 03:00:00,2023-11-23 04:00:00,2023-12-28 05:00:00,2023-12-28 08:30:00,2023-03-23 15:59:44,2023-12-28 08:00:00,2023-12-17 13:00:00,2023-12-25 22:00:00,2023-12-17 13:00:00,2023-12-17 05:00:00,2022-01-02 22:00:00,2023-12-25 22:00:00,2023-12-25 22:00:00,2023-12-28 05:25:00
2023-04-01 13:21:00,74.4,2023-10-26 20:00:00,17.93,2023-08-23 22:00:00,2023-07-06 14:00:00,2023-12-28 08:00:00,2023-12-27 21:00:00,2023-12-28 04:00:00,2023-11-23 05:00:00,2023-12-28 06:00:00,2023-12-28 09:30:00,2023-03-23 16:59:44,2023-12-28 09:00:00,2023-12-17 14:00:00,2023-12-25 23:00:00,2023-12-17 14:00:00,2023-12-17 06:00:00,2022-01-02 23:00:00,2023-12-25 23:00:00,2023-12-25 23:00:00,2023-12-28 06:25:00
2023-04-01 14:21:00,79.85,2023-10-26 21:00:00,15.16,2023-08-23 23:00:00,2023-07-06 15:00:00,2023-12-28 09:00:00,2023-12-27 22:00:00,2023-12-28 05:00:00,2023-11-23 06:00:00,2023-12-28 07:00:00,2023-12-28 10:30:00,2023-03-23 17:59:44,2023-12-28 10:00:00,2023-12-17 15:00:00,2023-12-26 00:00:00,2023-12-17 15:00:00,2023-12-17 07:00:00,2022-01-03 00:00:00,2023-12-26 00:00:00,2023-12-26 00:00:00,2023-12-28 07:25:00
2023-04-01 15:21:00,86.84,2023-10-26 22:00:00,15.44,2023-08-24 00:00:00,2023-07-06 16:00:00,2023-12-28 10:00:00,2023-12-27 23:00:00,2023-12-28 06:00:00,2023-11-23 07:00:00,2023-12-28 08:00:00,2023-12-28 11:30:00,2023-03-23 18:59:44,2023-12-28 11:00:00,2023-12-17 16:00:00,2023-12-26 01:00:00,2023-12-17 16:00:00,2023-12-17 08:00:00,2022-01-03 01:00:00,2023-12-26 01:00:00,2023-12-26 01:00:00,2023-12-28 08:25:00
2023-04-01 16:21:00,88.58,2023-10-26 23:00:00,14.44,2023-08-24 01:00:00,2023-07-06 17:00:00,2023-12-28 11:00:00,2023-12-28 00:00:00,2023-12-28 07:00:00,2023-11-23 08:00:00,2023-12-28 09:00:00,2023-12-28 12:30:00,2023-03-23 19:59:44,2023-12-28 12:00:00,2023-12-17 17:00:00,2023-12-26 02:00:00,2023-12-17 17:00:00,2023-12-17 09:00:00,2022-01-03 02:00:00,2023-12-26 02:00:00,2023-12-26 02:00:00,2023-12-28 09:25:00
2023-04-01 17:21:00,88.29,2023-10-27 00:00:00,14.86,2023-08-24 02:00:00,2023-07-06 18:00:00,2023-12-28 12:00:00,2023-12-28 01:00:00,2023-12-28 08:00:00,2023-11-23 09:00:00,2023-12-28 10:00:00,2023-12-28 13:30:00,2023-03-23 20:59:44,2023-12-28 13:00:00,2023-12-17 18:00:00,2023-12-26 03:00:00,2023-12-17 18:00:00,2023-12-17 10:00:00,2022-01-03 03:00:00,2023-12-26 03:00:00,2023-12-26 03:00:00,2023-12-28 10:25:00
2023-04-01 18:21:00,87.18,2023-10-27 01:00:00,16.7,2023-08-24 03:00:00,2023-07-06 19:00:00,2023-12-28 13:00:00,2023-12-28 02:00:00,2023-12-28 09:00:00,2023-11-23 10:00:00,2023-12-28 11:00:00,2023-12-28 14:30:00,2023-03-23 21:59:44,2023-12-28 14:00:00,2023-12-17 19:00:00,2023-12-26 04:00:00,2023-12-17 19:00:00,2023-12-17 11:00:00,2022-01-03 04:00:00,2023-12-26 04:00:00,2023-12-26 04:00:00,2023-12-28 11:25:00
2023-04-01 19:21:00,83.84,2023-10-27 02:00:00,16.96,2023-08-24 04:00:00,2023-07-06 20:00:00,2023-12-28 14:00:00,2023-12-28 03:00:00,2023-12-28 10:00:00,2023-11-23 11:00:00,2023-12-28 12:00:00,2023-12-28 15:30:00,2023-03-23 22:59:44,2023-12-28 15:00:00,2023-12-17 20:00:00,2023-12-26 05:00:00,2023-12-17 20:00:00,2023-12-17 12:00:00,2022-01-03 05:00:00,2023-12-26 05:00:00,2023-12-26 05:00:00,2023-12-28 12:25:00
2023-04-01 20:21:00,81.24,2023-10-27 03:00:00,17.36,2023-08-24 05:00:00,2023-07-06 21:00:00,2023-12-28 15:00:00,2023-12-28 04:00:00,2023-12-28 11:00:00,2023-11-23 12:00:00,2023-12-28 13:00:00,2023-12-28 16:30:00,2023-03-23 23:59:44,2023-12-28 16:00:00,2023-12-17 21:00:00,2023-12-26 06:00:00,2023-12-17 21:00:00,2023-12-17 13:00:00,2022-01-03 06:00:00,2023-12-26 06:00:00,2023-12-26 06:00:00,2023-12-28 13:25:00
2023-04-01 21:21:00,80.23,2023-10-27 04:00:00,17.36,2023-08-24 06:00:00,2023-07-06 22:00:00,2023-12-28 16:00:00,2023-12-28 05:00:00,2023-12-28 12:00:00,2023-11-23 13:00:00,2023-12-28 14:00:00,2023-12-28 17:30:00,2023-03-24 00:59:44,2023-12-28 17:00:00,2023-12-17 22:00:00,2023-12-26 07:00:00,2023-12-17 22:00:00,2023-12-17 14:00:00,2022-01-03 07:00:00,2023-12-26 07:00:00,2023-12-26 07:00:00,2023-12-28 14:25:00
2023-04-01 22:21:00,81.41,2023-10-27 05:00:00,17.23,2023-08-24 07:00:00,2023-07-06 23:00:00,2023-12-28 17:00:00,2023-12-28 06:00:00,2023-12-28 13:00:00,2023-11-23 14:00:00,2023-12-28 15:00:00,2023-12-28 18:30:00,2023-03-24 01:59:44,2023-12-28 18:00:00,2023-12-17 23:00:00,2023-12-26 08:00:00,2023-12-17 23:00:00,2023-12-17 15:00:00,2022-01-03 08:00:00,2023-12-26 08:00:00,2023-12-26 08:00:00,2023-12-28 15:25:00
2023-04-01 23:21:00,83.07,2023-10-27 06:00:00,17.56,2023-08-24 08:00:00,2023-07-07 00:00:00,2023-12-28 18:00:00,2023-12-28 07:00:00,2023-12-28 14:00:00,2023-11-23 15:00:00,2023-12-28 16:00:00,2023-12-28 19:30:00,2023-03-24 02:59:44,2023-12-28 19:00:00,2023-12-18 00:00:00,2023-12-26 09:00:00,2023-12-18 00:00:00,2023-12-17 16:00:00,2022-01-03 09:00:00,2023-12-26 09:00:00,2023-12-26 09:00:00,2023-12-28 16:25:00
2023-04-02 00:21:00,84.35,2023-10-27 07:00:00,18.04,2023-08-24 09:00:00,2023-07-07 01:00:00,2023-12-28 19:00:00,2023-12-28 08:00:00,2023-12-28 15:00:00,2023-11-23 16:00:00,2023-12-28 17:00:00,2023-12-28 20:30:00,2023-03-24 03:59:44,2023-12-28 20:00:00,2023-12-18 01:00:00,2023-12-26 10:00:00,2023-12-18 01:00:00,2023-12-17 17:00:00,2022-01-03 10:00:00,2023-12-26 10:00:00,2023-12-26 10:00:00,2023-12-28 17:25:00
2023-04-02 01:21:00,84.2,2023-10-27 08:00:00,16.22,2023-08-24 10:00:00,2023-07-07 02:00:00,2023-12-28 20:00:00,2023-12-28 09:00:00,2023-12-28 16:00:00,2023-11-23 17:00:00,2023-12-28 18:00:00,2023-12-28 21:30:00,2023-03-24 04:59:44,2023-12-28 21:00:00,2023-12-18 02:00:00,2023-12-26 11:00:00,2023-12-18 02:00:00,2023-12-17 18:00:00,2022-01-03 11:00:00,2023-12-26 11:00:00,2023-12-26 11:00:00,2023-12-28 18:25:00
2023-04-02 02:21:00,90.54,2023-10-27 09:00:00,15.69,2023-08-24 11:00:00,2023-07-07 03:00:00,2023-12-28 21:00:00,2023-12-28 10:00:00,2023-12-28 17:00:00,2023-11-23 18:00:00,2023-12-28 19:00:00,2023-12-28 22:30:00,2023-03-24 05:59:44,2023-12-28 22:00:00,2023-12-18 03:00:00,2023-12-26 12:00:00,2023-12-18 03:00:00,2023-12-17 19:00:00,2022-01-03 12:00:00,2023-12-26 12:00:00,2023-12-26 12:00:00,2023-12-28 19:25:00
2023-04-02 03:21:00,88.73,2023-10-27 10:00:00,16.45,2023-08-24 12:00:00,2023-07-07 04:00:00,2023-12-28 22:00:00,2023-12-28 11:00:00,2023-12-28 18:00:00,2023-11-23 19:00:00,2023-12-28 20:00:00,2023-12-28 23:30:00,2023-03-24 06:59:44,2023-12-28 23:00:00,2023-12-18 04:00:00,2023-12-26 13:00:00,2023-12-18 04:00:00,2023-12-17 20:00:00,2022-01-03 13:00:00,2023-12-26 13:00:00,2023-12-26 13:00:00,2023-12-28 20:25:00
2023-04-02 04:21:00,88.65,2023-10-27 11:00:00,17.0,2023-08-24 13:00:00,2023-07-07 05:00:00,2023-12-28 23:00:00,2023-12-28 12:00:00,2023-12-28 19:00:00,2023-11-23 20:00:00,2023-12-28 21:00:00,2023-12-29 00:30:00,2023-03-24 07:59:44,2023-12-29 00:00:00,2023-12-18 05:00:00,2023-12-26 14:00:00,2023-12-18 05:00:00,2023-12-17 21:00:00,2022-01-03 14:00:00,2023-12-26 14:00:00,2023-12-26 14:00:00,2023-12-28 21:25:00
2023-04-02 05:21:00,84.25,2023-10-27 12:00:00,17.29,2023-08-24 14:00:00,2023-07-07 06:00:00,2023-12-29 00:00:00,2023-12-28 13:00:00,2023-12-28 20:00:00,2023-11-23 21:00:00,2023-12-28 22:00:00,2023-12-29 01:30:00,2023-03-24 08:59:44,2023-12-29 01:00:00,2023-12-18 06:00:00,2023-12-26 15:00:00,2023-12-18 06:00:00,2023-12-17 22:00:00,2022-01-03 15:00:00,2023-12-26 15:00:00,2023-12-26 15:00:00,2023-12-28 22:25:00
2023-04-02 06:21:00,82.71,2023-10-27 13:00:00,18.16,2023-08-24 15:00:00,2023-07-07 07:00:00,2023-12-29 01:00:00,2023-12-28 14:00:00,2023-12-28 21:00:00,2023-11-23 22:00:00,2023-12-28 23:00:00,2023-12-29 02:30:00,2023-03-24 09:59:44,2023-12-29 02:00:00,2023-12-18 07:00:00,2023-12-26 16:00:00,2023-12-18 07:00:00,2023-12-17 23:00:00,2022-01-03 16:00:00,2023-12-26 16:00:00,2023-12-26 16:00:00,2023-12-28 23:25:00
2023-04-02 07:21:00,77.73,2023-10-27 14:00:00,20.44,2023-08-24 16:00:00,2023-07-07 08:00:00,2023-12-29 02:00:00,2023-12-28 15:00:00,2023-12-28 22:00:00,2023-11-23 23:00:00,2023-12-29 00:00:00,2023-12-29 03:30:00,2023-03-24 10:59:44,2023-12-29 03:00:00,2023-12-18 08:00:00,2023-12-26 17:00:00,2023-12-18 08:00:00,2023-12-18 00:00:00,2022-01-03 17:00:00,2023-12-26 17:00:00,2023-12-26 17:00:00,2023-12-29 00:25:00
2023-04-02 08:21:00,77.24,2023-10-27 15:00:00,21.6,2023-08-24 17:00:00,2023-07-07 09:00:00,2023-12-29 03:00:00,2023-12-28 16:00:00,2023-12-28 23:00:00,2023-11-24 00:00:00,2023-12-29 01:00:00,2023-12-29 04:30:00,2023-03-24 11:59:44,2023-12-29 04:00:00,2023-12-18 09:00:00,2023-12-26 18:00:00,2023-12-18 09:00:00,2023-12-18 01:00:00,2022-01-03 18:00:00,2023-12-26 18:00:00,2023-12-26 18:00:00,2023-12-29 01:25:00
2023-04-02 09:21:00,75.78,2023-10-27 16:00:00,20.96,2023-08-24 18:00:00,2023-07-07 10:00:00,2023-12-29 04:00:00,2023-12-28 17:00:00,2023-12-29 00:00:00,2023-11-24 01:00:00,2023-12-29 02:00:00,2023-12-29 05:30:00,2023-03-24 12:59:44,2023-12-29 05:00:00,2023-12-18 10:00:00,2023-12-26 19:00:00,2023-12-18 10:00:00,2023-12-18 02:00:00,2022-01-03 19:00:00,2023-12-26 19:00:00,2023-12-26 19:00:00,2023-12-29 02:25:00
2023-04-02 10:21:00,79.14,2023-10-27 17:00:00,20.1,2023-08-24 19:00:00,2023-07-07 11:00:00,2023-12-29 05:00:00,2023-12-28 18:00:00,2023-12-29 01:00:00,2023-11-24 02:00:00,2023-12-29 03:00:00,2023-12-29 06:30:00,2023-03-24 13:59:44,2023-12-29 06:00:00,2023-12-18 11:00:00,2023-12-26 20:00:00,2023-12-18 11:00:00,2023-12-18 03:00:00,2022-01-03 20:00:00,2023-12-26 20:00:00,2023-12-26 20:00:00,2023-12-29 03:25:00
2023-04-02 11:21:00,80.97,2023-10-27 18:00:00,18.6,2023-08-24 20:00:00,2023-07-07 12:00:00,2023-12-29 06:00:00,2023-12-28 19:00:00,2023-12-29 02:00:00,2023-11-24 03:00:00,2023-12-29 04:00:00,2023-12-29 07:30:00,2023-03-24 14:59:44,2023-12-29 07:00:00,2023-12-18 12:00:00,2023-12-26 21:00:00,2023-12-18 12:00:00,2023-12-18 04:00:00,2022-01-03 21:00:00,2023-12-26 21:00:00,2023-12-26 21:00:00,2023-12-29 04:25:00
2023-04-02 12:21:00,85.31,2023-10-27 19:00:00,17.21,2023-08-24 21:00:00,2023-07-07 13:00:00,2023-12-29 07:00:00,2023-12-28 20:00:00,2023-12-29 03:00:00,2023-11-24 04:00:00,2023-12-29 05:00:00,2023-12-29 08:30:00,2023-03-24 15:59:44,2023-12-29 08:00:00,2023-12-18 13:00:00,2023-12-26 22:00:00,2023-12-18 13:00:00,2023-12-18 05:00:00,2022-01-03 22:00:00,2023-12-26 22:00:00,2023-12-26 22:00:00,2023-12-29 05:25:00
2023-04-02 13:21:00,89.17,2023-10-27 20:00:00,15.82,2023-08-24 22:00:00,2023-07-07 14:00:00,2023-12-29 08:00:00,2023-12-28 21:00:00,2023-12-29 04:00:00,2023-11-24 05:00:00,2023-12-29 06:00:00,2023-12-29 09:30:00,2023-03-24 16:59:44,2023-12-29 09:00:00,2023-12-18 14:00:00,2023-12-26 23:00:00,2023-12-18 14:00:00,2023-12-18 06:00:00,2022-01-03 23:00:00,2023-12-26 23:00:00,2023-12-26 23:00:00,2023-12-29 06:25:00
2023-04-02 14:21:00,90.02,2023-10-27 21:00:00,14.7,2023-08-24 23:00:00,2023-07-07 15:00:00,2023-12-29 09:00:00,2023-12-28 22:00:00,2023-12-29 05:00:00,2023-11-24 06:00:00,2023-12-29 07:00:00,2023-12-29 10:30:00,2023-03-24 17:59:44,2023-12-29 10:00:00,2023-12-18 15:00:00,2023-12-27 00:00:00,2023-12-18 15:00:00,2023-12-18 07:00:00,2022-01-04 00:00:00,2023-12-27 00:00:00,2023-12-27 00:00:00,2023-12-29 07:25:00
2023-04-02 15:21:00,88.73,2023-10-27 22:00:00,15.11,2023-08-25 00:00:00,2023-07-07 16:00:00,2023-12-29 10:00:00,2023-12-28 23:00:00,2023-12-29 06:00:00,2023-11-24 07:00:00,2023-12-29 08:00:00,2023-12-29 11:30:00,2023-03-24 18:59:44,2023-12-29 11:00:00,2023-12-18 16:00:00,2023-12-27 01:00:00,2023-12-18 16:00:00,2023-12-18 08:00:00,2022-01-04 01:00:00,2023-12-27 01:00:00,2023-12-27 01:00:00,2023-12-29 08:25:00
2023-04-02 16:21:00,85.99,2023-10-27 23:00:00,16.96,2023-08-25 01:00:00,2023-07-07 17:00:00,2023-12-29 11:00:00,2023-12-29 00:00:00,2023-12-29 07:00:00,2023-11-24 08:00:00,2023-12-29 09:00:00,2023-12-29 12:30:00,2023-03-24 19:59:44,2023-12-29 12:00:00,2023-12-18 17:00:00,2023-12-27 02:00:00,2023-12-18 17:00:00,2023-12-18 09:00:00,2022-01-04 02:00:00,2023-12-27 02:00:00,2023-12-27 02:00:00,2023-12-29 09:25:00
2023-04-02 17:21:00,81.77,2023-10-28 00:00:00,17.51,2023-08-25 02:00:00,2023-07-07 18:00:00,2023-12-29 12:00:00,2023-12-29 01:00:00,2023-12-29 08:00:00,2023-11-24 09:00:00,2023-12-29 10:00:00,2023-12-29 13:30:00,2023-03-24 20:59:44,2023-12-29 13:00:00,2023-12-18 18:00:00,2023-12-27 03:00:00,2023-12-18 18:00:00,2023-12-18 10:00:00,2022-01-04 03:00:00,2023-12-27 03:00:00,2023-12-27 03:00:00,2023-12-29 10:25:00
2023-04-02 18:21:00,80.62,2023-10-28 01:00:00,18.02,2023-08-25 03:00:00,2023-07-07 19:00:00,2023-12-29 13:00:00,2023-12-29 02:00:00,2023-12-29 09:00:00,2023-11-24 10:00:00,2023-12-29 11:00:00,2023-12-29 14:30:00,2023-03-24 21:59:44,2023-12-29 14:00:00,2023-12-18 19:00:00,2023-12-27 04:00:00,2023-12-18 19:00:00,2023-12-18 11:00:00,2022-01-04 04:00:00,2023-12-27 04:00:00,2023-12-27 04:00:00,2023-12-29 11:25:00
2023-04-02 19:21:00,78.12,2023-10-28 02:00:00,19.98,2023-08-25 04:00:00,2023-07-07 20:00:00,2023-12-29 14:00:00,2023-12-29 03:00:00,2023-12-29 10:00:00,2023-11-24 11:00:00,2023-12-29 12:00:00,2023-12-29 15:30:00,2023-03-24 22:59:44,2023-12-29 15:00:00,2023-12-18 20:00:00,2023-12-27 05:00:00,2023-12-18 20:00:00,2023-12-18 12:00:00,2022-01-04 05:00:00,2023-12-27 05:00:00,2023-12-27 05:00:00,2023-12-29 12:25:00
2023-04-02 20:21:00,76.05,2023-10-28 03:00:00,21.43,2023-08-25 05:00:00,2023-07-07 21:00:00,2023-12-29 15:00:00,2023-12-29 04:00:00,2023-12-29 11:00:00,2023-11-24 12:00:00,2023-12-29 13:00:00,2023-12-29 16:30:00,2023-03-24 23:59:44,2023-12-29 16:00:00,2023-12-18 21:00:00,2023-12-27 06:00:00,2023-12-18 21:00:00,2023-12-18 13:00:00,2022-01-04 06:00:00,2023-12-27 06:00:00,2023-12-27 06:00:00,2023-12-29 13:25:00
2023-04-02 21:21:00,76.64,2023-10-28 04:00:00,22.32,2023-08-25 06:00:00,2023-07-07 22:00:00,2023-12-29 16:00:00,2023-12-29 05:00:00,2023-12-29 12:00:00,2023-11-24 13:00:00,2023-12-29 14:00:00,2023-12-29 17:30:00,2023-03-25 00:59:44,2023-12-29 17:00:00,2023-12-18 22:00:00,2023-12-27 07:00:00,2023-12-18 22:00:00,2023-12-18 14:00:00,2022-01-04 07:00:00,2023-12-27 07:00:00,2023-12-27 07:00:00,2023-12-29 14:25:00
2023-04-02 22:21:00,77.07,2023-10-28 05:00:00,21.85,2023-08-25 07:00:00,2023-07-07 23:00:00,2023-12-29 17:00:00,2023-12-29 06:00:00,2023-12-29 13:00:00,2023-11-24 14:00:00,2023-12-29 15:00:00,2023-12-29 18:30:00,2023-03-25 01:59:44,2023-12-29 18:00:00,2023-12-18 23:00:00,2023-12-27 08:00:00,2023-12-18 23:00:00,2023-12-18 15:00:00,2022-01-04 08:00:00,2023-12-27 08:00:00,2023-12-27 08:00:00,2023-12-29 15:25:00
2023-04-02 23:21:00,80.79,2023-10-28 06:00:00,21.31,2023-08-25 08:00:00,2023-07-08 00:00:00,2023-12-29 18:00:00,2023-12-29 07:00:00,2023-12-29 14:00:00,2023-11-24 15:00:00,2023-12-29 16:00:00,2023-12-29 19:30:00,2023-03-25 02:59:44,2023-12-29 19:00:00,2023-12-19 00:00:00,2023-12-27 09:00:00,2023-12-19 00:00:00,2023-12-18 16:00:00,2022-01-04 09:00:00,2023-12-27 09:00:00,2023-12-27 09:00:00,2023-12-29 16:25:00
2023-04-03 00:21:00,83.21,2023-10-28 07:00:00,21.14,2023-08-25 09:00:00,2023-07-08 01:00:00,2023-12-29 19:00:00,2023-12-29 08:00:00,2023-12-29 15:00:00,2023-11-24 16:00:00,2023-12-29 17:00:00,2023-12-29 20:30:00,2023-03-25 03:59:44,2023-12-29 20:00:00,2023-12-19 01:00:00,2023-12-27 10:00:00,2023-12-19 01:00:00,2023-12-18 17:00:00,2022-01-04 10:00:00,2023-12-27 10:00:00,2023-12-27 10:00:00,2023-12-29 17:25:00
2023-04-03 01:21:00,88.06,2023-10-28 08:00:00,21.5,2023-08-25 10:00:00,2023-07-08 02:00:00,2023-12-29 20:00:00,2023-12-29 09:00:00,2023-12-29 16:00:00,2023-11-24 17:00:00,2023-12-29 18:00:00,2023-12-29 21:30:00,2023-03-25 04:59:44,2023-12-29 21:00:00,2023-12-19 02:00:00,2023-12-27 11:00:00,2023-12-19 02:00:00,2023-12-18 18:00:00,2022-01-04 11:00:00,2023-12-27 11:00:00,2023-12-27 11:00:00,2023-12-29 18:25:00
2023-04-03 02:21:00,88.54,2023-10-28 09:00:00,21.86,2023-08-25 11:00:00,2023-07-08 03:00:00,2023-12-29 21:00:00,2023-12-29 10:00:00,2023-12-29 17:00:00,2023-11-24 18:00:00,2023-12-29 19:00:00,2023-12-29 22:30:00,2023-03-25 05:59:44,2023-12-29 22:00:00,2023-12-19 03:00:00,2023-12-27 12:00:00,2023-12-19 03:00:00,2023-12-18 19:00:00,2022-01-04 12:00:00,2023-12-27 12:00:00,2023-12-27 12:00:00,2023-12-29 19:25:00
2023-04-03 03:21:00,90.11,2023-10-28 10:00:00,21.29,2023-08-25 12:00:00,2023-07-08 04:00:00,2023-12-29 22:00:00,2023-12-29 11:00:00,2023-12-29 18:00:00,2023-11-24 19:00:00,2023-12-29 20:00:00,2023-12-29 23:30:00,2023-03-25 06:59:44,2023-12-29 23:00:00,2023-12-19 04:00:00,2023-12-27 13:00:00,2023-12-19 04:00:00,2023-12-18 20:00:00,2022-01-04 13:00:00,2023-12-27 13:00:00,2023-12-27 13:00:00,2023-12-29 20:25:00
2023-04-03 04:21:00,86.99,2023-10-28 11:00:00,21.49,2023-08-25 13:00:00,2023-07-08 05:00:00,2023-12-29 23:00:00,2023-12-29 12:00:00,2023-12-29 19:00:00,2023-11-24 20:00:00,2023-12-29 21:00:00,2023-12-30 00:30:00,2023-03-25 07:59:44,2023-12-30 00:00:00,2023-12-19 05:00:00,2023-12-27 14:00:00,2023-12-19 05:00:00,2023-12-18 21:00:00,2022-01-04 14:00:00,2023-12-27 14:00:00,2023-12-27 14:00:00,2023-12-29 21:25:00
2023-04-03 05:21:00,88.3,2023-10-28 12:00:00,22.55,2023-08-25 14:00:00,2023-07-08 06:00:00,2023-12-30 00:00:00,2023-12-29 13:00:00,2023-12-29 20:00:00,2023-11-24 21:00:00,2023-12-29 22:00:00,2023-12-30 01:30:00,2023-03-25 08:59:44,2023-12-30 01:00:00,2023-12-19 06:00:00,2023-12-27 15:00:00,2023-12-19 06:00:00,2023-12-18 22:00:00,2022-01-04 15:00:00,2023-12-27 15:00:00,2023-12-27 15:00:00,2023-12-29 22:25:00
2023-04-03 06:21:00,87.15,2023-10-28 13:00:00,23.03,2023-08-25 15:00:00,2023-07-08 07:00:00,2023-12-30 01:00:00,2023-12-29 14:00:00,2023-12-29 21:00:00,2023-11-24 22:00:00,2023-12-29 23:00:00,2023-12-30 02:30:00,2023-03-25 09:59:44,2023-12-30 02:00:00,2023-12-19 07:00:00,2023-12-27 16:00:00,2023-12-19 07:00:00,2023-12-18 23:00:00,2022-01-04 16:00:00,2023-12-27 16:00:00,2023-12-27 16:00:00,2023-12-29 23:25:00
2023-04-03 07:21:00,87.83,2023-10-28 14:00:00,23.55,2023-08-25 16:00:00,2023-07-08 08:00:00,2023-12-30 02:00:00,2023-12-29 15:00:00,2023-12-29 22:00:00,2023-11-24 23:00:00,2023-12-30 00:00:00,2023-12-30 03:30:00,2023-03-25 10:59:44,2023-12-30 03:00:00,2023-12-19 08:00:00,2023-12-27 17:00:00,2023-12-19 08:00:00,2023-12-19 00:00:00,2022-01-04 17:00:00,2023-12-27 17:00:00,2023-12-27 17:00:00,2023-12-30 00:25:00
2023-04-03 08:21:00,86.48,2023-10-28 15:00:00,23.51,2023-08-25 17:00:00,2023-07-08 09:00:00,2023-12-30 03:00:00,2023-12-29 16:00:00,2023-12-29 23:00:00,2023-11-25 00:00:00,2023-12-30 01:00:00,2023-12-30 04:30:00,2023-03-25 11:59:44,2023-12-30 04:00:00,2023-12-19 09:00:00,2023-12-27 18:00:00,2023-12-19 09:00:00,2023-12-19 01:00:00,2022-01-04 18:00:00,2023-12-27 18:00:00,2023-12-27 18:00:00,2023-12-30 01:25:00
2023-04-03 09:21:00,86.02,2023-10-28 16:00:00,23.37,2023-08-25 18:00:00,2023-07-08 10:00:00,2023-12-30 04:00:00,2023-12-29 17:00:00,2023-12-30 00:00:00,2023-11-25 01:00:00,2023-12-30 02:00:00,2023-12-30 05:30:00,2023-03-25 12:59:44,2023-12-30 05:00:00,2023-12-19 10:00:00,2023-12-27 19:00:00,2023-12-19 10:00:00,2023-12-19 02:00:00,2022-01-04 19:00:00,2023-12-27 19:00:00,2023-12-27 19:00:00,2023-12-30 02:25:00
2023-04-03 10:21:00,84.93,2023-10-28 17:00:00,22.63,2023-08-25 19:00:00,2023-07-08 11:00:00,2023-12-30 05:00:00,2023-12-29 18:00:00,2023-12-30 01:00:00,2023-11-25 02:00:00,2023-12-30 03:00:00,2023-12-30 06:30:00,2023-03-25 13:59:44,2023-12-30 06:00:00,2023-12-19 11:00:00,2023-12-27 20:00:00,2023-12-19 11:00:00,2023-12-19 03:00:00,2022-01-04 20:00:00,2023-12-27 20:00:00,2023-12-27 20:00:00,2023-12-30 03:25:00
2023-04-03 11:21:00,86.3,2023-10-28 18:00:00,21.73,2023-08-25 20:00:00,2023-07-08 12:00:00,2023-12-30 06:00:00,2023-12-29 19:00:00,2023-12-30 02:00:00,2023-11-25 03:00:00,2023-12-30 04:00:00,2023-12-30 07:30:00,2023-03-25 14:59:44,2023-12-30 07:00:00,2023-12-19 12:00:00,2023-12-27 21:00:00,2023-12-19 12:00:00,2023-12-19 04:00:00,2022-01-04 21:00:00,2023-12-27 21:00:00,2023-12-27 21:00:00,2023-12-30 04:25:00
2023-04-03 12:21:00,87.05,2023-10-28 19:00:00,21.13,2023-08-25 21:00:00,2023-07-08 13:00:00,2023-12-30 07:00:00,2023-12-29 20:00:00,2023-12-30 03:00:00,2023-11-25 04:00:00,2023-12-30 05:00:00,2023-12-30 08:30:00,2023-03-25 15:59:44,2023-12-30 08:00:00,2023-12-19 13:00:00,2023-12-27 22:00:00,2023-12-19 13:00:00,2023-12-19 05:00:00,2022-01-04 22:00:00,2023-12-27 22:00:00,2023-12-27 22:00:00,2023-12-30 05:25:00
2023-04-03 13:21:00,87.66,2023-10-28 20:00:00,21.22,2023-08-25 22:00:00,2023-07-08 14:00:00,2023-12-30 08:00:00,2023-12-29 21:00:00,2023-12-30 04:00:00,2023-11-25 05:00:00,2023-12-30 06:00:00,2023-12-30 09:30:00,2023-03-25 16:59:44,2023-12-30 09:00:00,2023-12-19 14:00:00,2023-12-27 23:00:00,2023-12-19 14:00:00,2023-12-19 06:00:00,2022-01-04 23:00:00,2023-12-27 23:00:00,2023-12-27 23:00:00,2023-12-30 06:25:00
2023-04-03 14:21:00,87.35,2023-10-28 21:00:00,21.8,2023-08-25 23:00:00,2023-07-08 15:00:00,2023-12-30 09:00:00,2023-12-29 22:00:00,2023-12-30 05:00:00,2023-11-25 06:00:00,2023-12-30 07:00:00,2023-12-30 10:30:00,2023-03-25 17:59:44,2023-12-30 10:00:00,2023-12-19 15:00:00,2023-12-28 00:00:00,2023-12-19 15:00:00,2023-12-19 07:00:00,2022-01-05 00:00:00,2023-12-28 00:00:00,2023-12-28 00:00:00,2023-12-30 07:25:00
2023-04-03 15:21:00,86.46,2023-10-28 22:00:00,22.66,2023-08-26 00:00:00,2023-07-08 16:00:00,2023-12-30 10:00:00,2023-12-29 23:00:00,2023-12-30 06:00:00,2023-11-25 07:00:00,2023-12-30 08:00:00,2023-12-30 11:30:00,2023-03-25 18:59:44,2023-12-30 11:00:00,2023-12-19 16:00:00,2023-12-28 01:00:00,2023-12-19 16:00:00,2023-12-19 08:00:00,2022-01-05 01:00:00,2023-12-28 01:00:00,2023-12-28 01:00:00,2023-12-30 08:25:00
2023-04-03 16:21:00,86.72,2023-10-28 23:00:00,23.86,2023-08-26 01:00:00,2023-07-08 17:00:00,2023-12-30 11:00:00,2023-12-30 00:00:00,2023-12-30 07:00:00,2023-11-25 08:00:00,2023-12-30 09:00:00,2023-12-30 12:30:00,2023-03-25 19:59:44,2023-12-30 12:00:00,2023-12-19 17:00:00,2023-12-28 02:00:00,2023-12-19 17:00:00,2023-12-19 09:00:00,2022-01-05 02:00:00,2023-12-28 02:00:00,2023-12-28 02:00:00,2023-12-30 09:25:00
2023-04-03 17:21:00,86.78,2023-10-29 00:00:00,25.56,2023-08-26 02:00:00,2023-07-08 18:00:00,2023-12-30 12:00:00,2023-12-30 01:00:00,2023-12-30 08:00:00,2023-11-25 09:00:00,2023-12-30 10:00:00,2023-12-30 13:30:00,2023-03-25 20:59:44,2023-12-30 13:00:00,2023-12-19 18:00:00,2023-12-28 03:00:00,2023-12-19 18:00:00,2023-12-19 10:00:00,2022-01-05 03:00:00,2023-12-28 03:00:00,2023-12-28 03:00:00,2023-12-30 10:25:00
2023-04-03 18:21:00,86.83,2023-10-29 01:00:00,27.07,2023-08-26 03:00:00,2023-07-08 19:00:00,2023-12-30 13:00:00,2023-12-30 02:00:00,2023-12-30 09:00:00,2023-11-25 10:00:00,2023-12-30 11:00:00,2023-12-30 14:30:00,2023-03-25 21:59:44,2023-12-30 14:00:00,2023-12-19 19:00:00,2023-12-28 04:00:00,2023-12-19 19:00:00,2023-12-19 11:00:00,2022-01-05 04:00:00,2023-12-28 04:00:00,2023-12-28 04:00:00,2023-12-30 11:25:00
2023-04-03 19:21:00,87.19,2023-10-29 02:00:00,27.93,2023-08-26 04:00:00,2023-07-08 20:00:00,2023-12-30 14:00:00,2023-12-30 03:00:00,2023-12-30 10:00:00,2023-11-25 11:00:00,2023-12-30 12:00:00,2023-12-30 15:30:00,2023-03-25 22:59:44,2023-12-30 15:00:00,2023-12-19 20:00:00,2023-12-28 05:00:00,2023-12-19 20:00:00,2023-12-19 12:00:00,2022-01-05 05:00:00,2023-12-28 05:00:00,2023-12-28 05:00:00,2023-12-30 12:25:00
2023-04-03 20:21:00,88.24,2023-10-29 03:00:00,28.56,2023-08-26 05:00:00,2023-07-08 21:00:00,2023-12-30 15:00:00,2023-12-30 04:00:00,2023-12-30 11:00:00,2023-11-25 12:00:00,2023-12-30 13:00:00,2023-12-30 16:30:00,2023-03-25 23:59:44,2023-12-30 16:00:00,2023-12-19 21:00:00,2023-12-28 06:00:00,2023-12-19 21:00:00,2023-12-19 13:00:00,2022-01-05 06:00:00,2023-12-28 06:00:00,2023-12-28 06:00:00,2023-12-30 13:25:00
2023-04-03 21:21:00,89.89,2023-10-29 04:00:00,28.83,2023-08-26 06:00:00,2023-07-08 22:00:00,2023-12-30 16:00:00,2023-12-30 05:00:00,2023-12-30 12:00:00,2023-11-25 13:00:00,2023-12-30 14:00:00,2023-12-30 17:30:00,2023-03-26 00:59:44,2023-12-30 17:00:00,2023-12-19 22:00:00,2023-12-28 07:00:00,2023-12-19 22:00:00,2023-12-19 14:00:00,2022-01-05 07:00:00,2023-12-28 07:00:00,2023-12-28 07:00:00,2023-12-30 14:25:00
2023-04-03 22:21:00,92.05,2023-10-29 05:00:00,28.79,2023-08-26 07:00:00,2023-07-08 23:00:00,2023-12-30 17:00:00,2023-12-30 06:00:00,2023-12-30 13:00:00,2023-11-25 14:00:00,2023-12-30 15:00:00,2023-12-30 18:30:00,2023-03-26 01:59:44,2023-12-30 18:00:00,2023-12-19 23:00:00,2023-12-28 08:00:00,2023-12-19 23:00:00,2023-12-19 15:00:00,2022-01-05 08:00:00,2023-12-28 08:00:00,2023-12-28 08:00:00,2023-12-30 15:25:00
2023-04-03 23:21:00,93.47,2023-10-29 06:00:00,28.33,2023-08-26 08:00:00,2023-07-09 00:00:00,2023-12-30 18:00:00,2023-12-30 07:00:00,2023-12-30 14:00:00,2023-11-25 15:00:00,2023-12-30 16:00:00,2023-12-30 19:30:00,2023-03-26 02:59:44,2023-12-30 19:00:00,2023-12-20 00:00:00,2023-12-28 09:00:00,2023-12-20 00:00:00,2023-12-19 16:00:00,2022-01-05 09:00:00,2023-12-28 09:00:00,2023-12-28 09:00:00,2023-12-30 16:25:00
2023-04-04 00:21:00,94.7,2023-10-29 07:00:00,28.03,2023-08-26 09:00:00,2023-07-09 01:00:00,2023-12-30 19:00:00,2023-12-30 08:00:00,2023-12-30 15:00:00,2023-11-25 16:00:00,2023-12-30 17:00:00,2023-12-30 20:30:00,2023-03-26 03:59:44,2023-12-30 20:00:00,2023-12-20 01:00:00,2023-12-28 10:00:00,2023-12-20 01:00:00,2023-12-19 17:00:00,2022-01-05 10:00:00,2023-12-28 10:00:00,2023-12-28 10:00:00,2023-12-30 17:25:00
2023-04-04 01:21:00,94.58,2023-10-29 08:00:00,27.79,2023-08-26 10:00:00,2023-07-09 02:00:00,2023-12-30 20:00:00,2023-12-30 09:00:00,2023-12-30 16:00:00,2023-11-25 17:00:00,2023-12-30 18:00:00,2023-12-30 21:30:00,2023-03-26 04:59:44,2023-12-30 21:00:00,2023-12-20 02:00:00,2023-12-28 11:00:00,2023-12-20 02:00:00,2023-12-19 18:00:00,2022-01-05 11:00:00,2023-12-28 11:00:00,2023-12-28 11:00:00,2023-12-30 18:25:00
2023-04-04 02:21:00,93.33,2023-10-29 09:00:00,27.85,2023-08-26 11:00:00,2023-07-09 03:00:00,2023-12-30 21:00:00,2023-12-30 10:00:00,2023-12-30 17:00:00,2023-11-25 18:00:00,2023-12-30 19:00:00,2023-12-30 22:30:00,2023-03-26 05:59:44,2023-12-30 22:00:00,2023-12-20 03:00:00,2023-12-28 12:00:00,2023-12-20 03:00:00,2023-12-19 19:00:00,2022-01-05 12:00:00,2023-12-28 12:00:00,2023-12-28 12:00:00,2023-12-30 19:25:00
2023-04-04 03:21:00,91.53,2023-10-29 10:00:00,27.99,2023-08-26 12:00:00,2023-07-09 04:00:00,2023-12-30 22:00:00,2023-12-30 11:00:00,2023-12-30 18:00:00,2023-11-25 19:00:00,2023-12-30 20:00:00,2023-12-30 23:30:00,2023-03-26 06:59:44,2023-12-30 23:00:00,2023-12-20 04:00:00,2023-12-28 13:00:00,2023-12-20 04:00:00,2023-12-19 20:00:00,2022-01-05 13:00:00,2023-12-28 13:00:00,2023-12-28 13:00:00,2023-12-30 20:25:00
2023-04-04 04:21:00,89.31,2023-10-29 11:00:00,28.19,2023-08-26 13:00:00,2023-07-09 05:00:00,2023-12-30 23:00:00,2023-12-30 12:00:00,2023-12-30 19:00:00,2023-11-25 20:00:00,2023-12-30 21:00:00,2023-12-31 00:30:00,2023-03-26 07:59:44,2023-12-31 00:00:00,2023-12-20 05:00:00,2023-12-28 14:00:00,2023-12-20 05:00:00,2023-12-19 21:00:00,2022-01-05 14:00:00,2023-12-28 14:00:00,2023-12-28 14:00:00,2023-12-30 21:25:00
2023-04-04 05:21:00,87.3,2023-10-29 12:00:00,28.49,2023-08-26 14:00:00,2023-07-09 06:00:00,2023-12-31 00:00:00,2023-12-30 13:00:00,2023-12-30 20:00:00,2023-11-25 21:00:00,2023-12-30 22:00:00,2023-12-31 01:30:00,2023-03-26 08:59:44,2023-12-31 01:00:00,2023-12-20 06:00:00,2023-12-28 15:00:00,2023-12-20 06:00:00,2023-12-19 22:00:00,2022-01-05 15:00:00,2023-12-28 15:00:00,2023-12-28 15:00:00,2023-12-30 22:25:00
2023-04-04 06:21:00,86.1,2023-10-29 13:00:00,28.69,2023-08-26 15:00:00,2023-07-09 07:00:00,2023-12-31 01:00:00,2023-12-30 14:00:00,2023-12-30 21:00:00,2023-11-25 22:00:00,2023-12-30 23:00:00,2023-12-31 02:30:00,2023-03-26 09:59:44,2023-12-31 02:00:00,2023-12-20 07:00:00,2023-12-28 16:00:00,2023-12-20 07:00:00,2023-12-19 23:00:00,2022-01-05 16:00:00,2023-12-28 16:00:00,2023-12-28 16:00:00,2023-12-30 23:25:00
2023-04-04 07:21:00,85.72,2023-10-29 14:00:00,28.51,2023-08-26 16:00:00,2023-07-09 08:00:00,2023-12-31 02:00:00,2023-12-30 15:00:00,2023-12-30 22:00:00,2023-11-25 23:00:00,2023-12-31 00:00:00,2023-12-31 03:30:00,2023-03-26 10:59:44,2023-12-31 03:00:00,2023-12-20 08:00:00,2023-12-28 17:00:00,2023-12-20 08:00:00,2023-12-20 00:00:00,2022-01-05 17:00:00,2023-12-28 17:00:00,2023-12-28 17:00:00,2023-12-31 00:25:00
2023-04-04 08:21:00,87.0,2023-10-29 15:00:00,28.49,2023-08-26 17:00:00,2023-07-09 09:00:00,2023-12-31 03:00:00,2023-12-30 16:00:00,2023-12-30 23:00:00,2023-11-26 00:00:00,2023-12-31 01:00:00,2023-12-31 04:30:00,2023-03-26 11:59:44,2023-12-31 04:00:00,2023-12-20 09:00:00,2023-12-28 18:00:00,2023-12-20 09:00:00,2023-12-20 01:00:00,2022-01-05 18:00:00,2023-12-28 18:00:00,2023-12-28 18:00:00,2023-12-31 01:25:00
2023-04-04 09:21:00,89.17,2023-10-29 16:00:00,28.81,2023-08-26 18:00:00,2023-07-09 10:00:00,2023-12-31 04:00:00,2023-12-30 17:00:00,2023-12-31 00:00:00,2023-11-26 01:00:00,2023-12-31 02:00:00,2023-12-31 05:30:00,2023-03-26 12:59:44,2023-12-31 05:00:00,2023-12-20 10:00:00,2023-12-28 19:00:00,2023-12-20 10:00:00,2023-12-20 02:00:00,2022-01-05 19:00:00,2023-12-28 19:00:00,2023-12-28 19:00:00,2023-12-31 02:25:00
2023-04-04 10:21:00,91.17,2023-10-29 17:00:00,29.01,2023-08-26 19:00:00,2023-07-09 11:00:00,2023-12-31 05:00:00,2023-12-30 18:00:00,2023-12-31 01:00:00,2023-11-26 02:00:00,2023-12-31 03:00:00,2023-12-31 06:30:00,2023-03-26 13:59:44,2023-12-31 06:00:00,2023-12-20 11:00:00,2023-12-28 20:00:00,2023-12-20 11:00:00,2023-12-20 03:00:00,2022-01-05 20:00:00,2023-12-28 20:00:00,2023-12-28 20:00:00,2023-12-31 03:25:00
2023-04-04 11:21:00,93.39,2023-10-29 18:00:00,29.2,2023-08-26 20:00:00,2023-07-09 12:00:00,2023-12-31 06:00:00,2023-12-30 19:00:00,2023-12-31 02:00:00,2023-11-26 03:00:00,2023-12-31 04:00:00,2023-12-31 07:30:00,2023-03-26 14:59:44,2023-12-31 07:00:00,2023-12-20 12:00:00,2023-12-28 21:00:00,2023-12-20 12:00:00,2023-12-20 04:00:00,2022-01-05 21:00:00,2023-12-28 21:00:00,2023-12-28 21:00:00,2023-12-31 04:25:00
2023-04-04 12:21:00,94.9,2023-10-29 19:00:00,29.43,2023-08-26 21:00:00,2023-07-09 13:00:00,2023-12-31 07:00:00,2023-12-30 20:00:00,2023-12-31 03:00:00,2023-11-26 04:00:00,2023-12-31 05:00:00,2023-12-31 08:30:00,2023-03-26 15:59:44,2023-12-31 08:00:00,2023-12-20 13:00:00,2023-12-28 22:00:00,2023-12-20 13:00:00,2023-12-20 05:00:00,2022-01-05 22:00:00,2023-12-28 22:00:00,2023-12-28 22:00:00,2023-12-31 05:25:00
2023-04-04 13:21:00,95.45,2023-10-29 20:00:00,30.16,2023-08-26 22:00:00,2023-07-09 14:00:00,2023-12-31 08:00:00,2023-12-30 21:00:00,2023-12-31 04:00:00,2023-11-26 05:00:00,2023-12-31 06:00:00,2023-12-31 09:30:00,2023-03-26 16:59:44,2023-12-31 09:00:00,2023-12-20 14:00:00,2023-12-28 23:00:00,2023-12-20 14:00:00,2023-12-20 06:00:00,2022-01-05 23:00:00,2023-12-28 23:00:00,2023-12-28 23:00:00,2023-12-31 06:25:00
2023-04-04 14:21:00,94.67,2023-10-29 21:00:00,31.35,2023-08-26 23:00:00,2023-07-09 15:00:00,2023-12-31 09:00:00,2023-12-30 22:00:00,2023-12-31 05:00:00,2023-11-26 06:00:00,2023-12-31 07:00:00,2023-12-31 10:30:00,2023-03-26 17:59:44,2023-12-31 10:00:00,2023-12-20 15:00:00,2023-12-29 00:00:00,2023-12-20 15:00:00,2023-12-20 07:00:00,2022-01-06 00:00:00,2023-12-29 00:00:00,2023-12-29 00:00:00,2023-12-31 07:25:00
2023-04-04 15:21:00,93.7,2023-10-29 22:00:00,32.7,2023-08-27 00:00:00,2023-07-09 16:00:00,2023-12-31 10:00:00,2023-12-30 23:00:00,2023-12-31 06:00:00,2023-11-26 07:00:00,2023-12-31 08:00:00,2023-12-31 11:30:00,2023-03-26 18:59:44,2023-12-31 11:00:00,2023-12-20 16:00:00,2023-12-29 01:00:00,2023-12-20 16:00:00,2023-12-20 08:00:00,2022-01-06 01:00:00,2023-12-29 01:00:00,2023-12-29 01:00:00,2023-12-31 08:25:00
2023-04-04 16:21:00,92.34,2023-10-29 23:00:00,33.8,2023-08-27 01:00:00,2023-07-09 17:00:00,2023-12-31 11:00:00,2023-12-31 00:00:00,2023-12-31 07:00:00,2023-11-26 08:00:00,2023-12-31 09:00:00,2023-12-31 12:30:00,2023-03-26 19:59:44,2023-12-31 12:00:00,2023-12-20 17:00:00,2023-12-29 02:00:00,2023-12-20 17:00:00,2023-12-20 09:00:00,2022-01-06 02:00:00,2023-12-29 02:00:00,2023-12-29 02:00:00,2023-12-31 09:25:00
2023-04-04 17:21:00,90.92,2023-10-30 00:00:00,34.58,2023-08-27 02:00:00,2023-07-09 18:00:00,2023-12-31 12:00:00,2023-12-31 01:00:00,2023-12-31 08:00:00,2023-11-26 09:00:00,2023-12-31 10:00:00,2023-12-31 13:30:00,2023-03-26 20:59:44,2023-12-31 13:00:00,2023-12-20 18:00:00,2023-12-29 03:00:00,2023-12-20 18:00:00,2023-12-20 10:00:00,2022-01-06 03:00:00,2023-12-29 03:00:00,2023-12-29 03:00:00,2023-12-31 10:25:00
2023-04-04 18:21:00,90.1,2023-10-30 01:00:00,34.99,2023-08-27 03:00:00,2023-07-09 19:00:00,2023-12-31 13:00:00,2023-12-31 02:00:00,2023-12-31 09:00:00,2023-11-26 10:00:00,2023-12-31 11:00:00,2023-12-31 14:30:00,2023-03-26 21:59:44,2023-12-31 14:00:00,2023-12-20 19:00:00,2023-12-29 04:00:00,2023-12-20 19:00:00,2023-12-20 11:00:00,2022-01-06 04:00:00,2023-12-29 04:00:00,2023-12-29 04:00:00,2023-12-31 11:25:00
2023-04-04 19:21:00,90.45,2023-10-30 02:00:00,34.91,2023-08-27 04:00:00,2023-07-09 20:00:00,2023-12-31 14:00:00,2023-12-31 03:00:00,2023-12-31 10:00:00,2023-11-26 11:00:00,2023-12-31 12:00:00,2023-12-31 15:30:00,2023-03-26 22:59:44,2023-12-31 15:00:00,2023-12-20 20:00:00,2023-12-29 05:00:00,2023-12-20 20:00:00,2023-12-20 12:00:00,2022-01-06 05:00:00,2023-12-29 05:00:00,2023-12-29 05:00:00,2023-12-31 12:25:00
2023-04-04 20:21:00,91.33,2023-10-30 03:00:00,34.58,2023-08-27 05:00:00,2023-07-09 21:00:00,2023-12-31 15:00:00,2023-12-31 04:00:00,2023-12-31 11:00:00,2023-11-26 12:00:00,2023-12-31 13:00:00,2023-12-31 16:30:00,2023-03-26 23:59:44,2023-12-31 16:00:00,2023-12-20 21:00:00,2023-12-29 06:00:00,2023-12-20 21:00:00,2023-12-20 13:00:00,2022-01-06 06:00:00,2023-12-29 06:00:00,2023-12-29 06:00:00,2023-12-31 13:25:00
2023-04-04 21:21:00,91.97,2023-10-30 04:00:00,34.28,2023-08-27 06:00:00,2023-07-09 22:00:00,2023-12-31 16:00:00,2023-12-31 05:00:00,2023-12-31 12:00:00,2023-11-26 13:00:00,2023-12-31 14:00:00,2023-12-31 17:30:00,2023-03-27 00:59:44,2023-12-31 17:00:00,2023-12-20 22:00:00,2023-12-29 07:00:00,2023-12-20 22:00:00,2023-12-20 14:00:00,2022-01-06 07:00:00,2023-12-29 07:00:00,2023-12-29 07:00:00,2023-12-31 14:25:00
2023-04-04 22:21:00,92.62,2023-10-30 05:00:00,33.87,2023-08-27 07:00:00,2023-07-09 23:00:00,2023-12-31 17:00:00,2023-12-31 06:00:00,2023-12-31 13:00:00,2023-11-26 14:00:00,2023-12-31 15:00:00,2023-12-31 18:30:00,2023-03-27 01:59:44,2023-12-31 18:00:00,2023-12-20 23:00:00,2023-12-29 08:00:00,2023-12-20 23:00:00,2023-12-20 15:00:00,2022-01-06 08:00:00,2023-12-29 08:00:00,2023-12-29 08:00:00,2023-12-31 15:25:00
2023-04-04 23:21:00,92.84,2023-10-30 06:00:00,33.42,2023-08-27 08:00:00,2023-07-10 00:00:00,2023-12-31 18:00:00,2023-12-31 07:00:00,2023-12-31 14:00:00,2023-11-26 15:00:00,2023-12-31 16:00:00,2023-12-31 19:30:00,2023-03-27 02:59:44,2023-12-31 19:00:00,2023-12-21 00:00:00,2023-12-29 09:00:00,2023-12-21 00:00:00,2023-12-20 16:00:00,2022-01-06 09:00:00,2023-12-29 09:00:00,2023-12-29 09:00:00,2023-12-31 16:25:00
2023-04-05 00:21:00,93.09,2023-10-30 07:00:00,32.97,2023-08-27 09:00:00,2023-07-10 01:00:00,2023-12-31 19:00:00,2023-12-31 08:00:00,2023-12-31 15:00:00,2023-11-26 16:00:00,2023-12-31 17:00:00,2023-12-31 20:30:00,2023-03-27 03:59:44,2023-12-31 20:00:00,2023-12-21 01:00:00,2023-12-29 10:00:00,2023-12-21 01:00:00,2023-12-20 17:00:00,2022-01-06 10:00:00,2023-12-29 10:00:00,2023-12-29 10:00:00,2023-12-31 17:25:00
2023-04-05 01:21:00,92.55,2023-10-30 08:00:00,32.93,2023-08-27 10:00:00,2023-07-10 02:00:00,2023-12-31 20:00:00,2023-12-31 09:00:00,2023-12-31 16:00:00,2023-11-26 17:00:00,2023-12-31 18:00:00,2023-12-31 21:30:00,2023-03-27 04:59:44,2023-12-31 21:00:00,2023-12-21 02:00:00,2023-12-29 11:00:00,2023-12-21 02:00:00,2023-12-20 18:00:00,2022-01-06 11:00:00,2023-12-29 11:00:00,2023-12-29 11:00:00,2023-12-31 18:25:00
2023-04-05 02:21:00,92.12,2023-10-30 09:00:00,33.07,2023-08-27 11:00:00,2023-07-10 03:00:00,2023-12-31 21:00:00,2023-12-31 10:00:00,2023-12-31 17:00:00,2023-11-26 18:00:00,2023-12-31 19:00:00,2023-12-31 22:30:00,2023-03-27 05:59:44,2023-12-31 22:00:00,2023-12-21 03:00:00,2023-12-29 12:00:00,2023-12-21 03:00:00,2023-12-20 19:00:00,2022-01-06 12:00:00,2023-12-29 12:00:00,2023-12-29 12:00:00,2023-12-31 19:25:00
2023-04-05 03:21:00,91.6,2023-10-30 10:00:00,33.38,2023-08-27 12:00:00,2023-07-10 04:00:00,2023-12-31 22:00:00,2023-12-31 11:00:00,2023-12-31 18:00:00,2023-11-26 19:00:00,2023-12-31 20:00:00,2023-12-31 23:30:00,2023-03-27 06:59:44,2023-12-31 23:00:00,2023-12-21 04:00:00,2023-12-29 13:00:00,2023-12-21 04:00:00,2023-12-20 20:00:00,2022-01-06 13:00:00,2023-12-29 13:00:00,2023-12-29 13:00:00,2023-12-31 20:25:00
2023-04-05 04:21:00,91.47,2023-10-30 11:00:00,33.68,2023-08-27 13:00:00,2023-07-10 05:00:00,2023-12-31 23:00:00,2023-12-31 12:00:00,2023-12-31 19:00:00,2023-11-26 20:00:00,2023-12-31 21:00:00,2024-01-01 00:30:00,2023-03-27 07:59:44,2024-01-01 00:00:00,2023-12-21 05:00:00,2023-12-29 14:00:00,2023-12-21 05:00:00,2023-12-20 21:00:00,2022-01-06 14:00:00,2023-12-29 14:00:00,2023-12-29 14:00:00,2023-12-31 21:25:00
2023-04-05 05:21:00,91.31,2023-10-30 12:00:00,33.87,2023-08-27 14:00:00,2023-07-10 06:00:00,2024-01-01 00:00:00,2023-12-31 13:00:00,2023-12-31 20:00:00,2023-11-26 21:00:00,2023-12-31 22:00:00,2024-01-01 01:30:00,2023-03-27 08:59:44,2024-01-01 01:00:00,2023-12-21 06:00:00,2023-12-29 15:00:00,2023-12-21 06:00:00,2023-12-20 22:00:00,2022-01-06 15:00:00,2023-12-29 15:00:00,2023-12-29 15:00:00,2023-12-31 22:25:00
2023-04-05 06:21:00,91.91,2023-10-30 13:00:00,34.07,2023-08-27 15:00:00,2023-07-10 07:00:00,2024-01-01 01:00:00,2023-12-31 14:00:00,2023-12-31 21:00:00,2023-11-26 22:00:00,2023-12-31 23:00:00,2024-01-01 02:30:00,2023-03-27 09:59:44,2024-01-01 02:00:00,2023-12-21 07:00:00,2023-12-29 16:00:00,2023-12-21 07:00:00,2023-12-20 23:00:00,2022-01-06 16:00:00,2023-12-29 16:00:00,2023-12-29 16:00:00,2023-12-31 23:25:00
2023-04-05 07:21:00,92.95,2023-10-30 14:00:00,34.29,2023-08-27 16:00:00,2023-07-10 08:00:00,2024-01-01 02:00:00,2023-12-31 15:00:00,2023-12-31 22:00:00,2023-11-26 23:00:00,2024-01-01 00:00:00,2024-01-01 03:30:00,2023-03-27 10:59:44,2024-01-01 03:00:00,2023-12-21 08:00:00,2023-12-29 17:00:00,2023-12-21 08:00:00,2023-12-21 00:00:00,2022-01-06 17:00:00,2023-12-29 17:00:00,2023-12-29 17:00:00,2024-01-01 00:25:00
2023-04-05 08:21:00,93.8,2023-10-30 15:00:00,34.51,2023-08-27 17:00:00,2023-07-10 09:00:00,2024-01-01 03:00:00,2023-12-31 16:00:00,2023-12-31 23:00:00,2023-11-27 00:00:00,2024-01-01 01:00:00,2024-01-01 04:30:00,2023-03-27 11:59:44,2024-01-01 04:00:00,2023-12-21 09:00:00,2023-12-29 18:00:00,2023-12-21 09:00:00,2023-12-21 01:00:00,2022-01-06 18:00:00,2023-12-29 18:00:00,2023-12-29 18:00:00,2024-01-01 01:25:00
2023-04-05 09:21:00,94.27,2023-10-30 16:00:00,34.78,2023-08-27 18:00:00,2023-07-10 10:00:00,2024-01-01 04:00:00,2023-12-31 17:00:00,2024-01-01 00:00:00,2023-11-27 01:00:00,2024-01-01 02:00:00,2024-01-01 05:30:00,2023-03-27 12:59:44,2024-01-01 05:00:00,2023-12-21 10:00:00,2023-12-29 19:00:00,2023-12-21 10:00:00,2023-12-21 02:00:00,2022-01-06 19:00:00,2023-12-29 19:00:00,2023-12-29 19:00:00,2024-01-01 02:25:00
2023-04-05 10:21:00,94.61,2023-10-30 17:00:00,35.34,2023-08-27 19:00:00,2023-07-10 11:00:00,2024-01-01 05:00:00,2023-12-31 18:00:00,2024-01-01 01:00:00,2023-11-27 02:00:00,2024-01-01 03:00:00,2024-01-01 06:30:00,2023-03-27 13:59:44,2024-01-01 06:00:00,2023-12-21 11:00:00,2023-12-29 20:00:00,2023-12-21 11:00:00,2023-12-21 03:00:00,2022-01-06 20:00:00,2023-12-29 20:00:00,2023-12-29 20:00:00,2024-01-01 03:25:00
2023-04-05 11:21:00,94.52,2023-10-30 18:00:00,36.06,2023-08-27 20:00:00,2023-07-10 12:00:00,2024-01-01 06:00:00,2023-12-31 19:00:00,2024-01-01 02:00:00,2023-11-27 03:00:00,2024-01-01 04:00:00,2024-01-01 07:30:00,2023-03-27 14:59:44,2024-01-01 07:00:00,2023-12-21 12:00:00,2023-12-29 21:00:00,2023-12-21 12:00:00,2023-12-21 04:00:00,2022-01-06 21:00:00,2023-12-29 21:00:00,2023-12-29 21:00:00,2024-01-01 04:25:00
2023-04-05 12:21:00,93.68,2023-10-30 19:00:00,36.86,2023-08-27 21:00:00,2023-07-10 13:00:00,2024-01-01 07:00:00,2023-12-31 20:00:00,2024-01-01 03:00:00,2023-11-27 04:00:00,2024-01-01 05:00:00,2024-01-01 08:30:00,2023-03-27 15:59:44,2024-01-01 08:00:00,2023-12-21 13:00:00,2023-12-29 22:00:00,2023-12-21 13:00:00,2023-12-21 05:00:00,2022-01-06 22:00:00,2023-12-29 22:00:00,2023-12-29 22:00:00,2024-01-01 05:25:00
