00001187Date,00001187Temperature,000017A7Date,000017A7Temperature,0000208CDate,0000208CTemperature,0000208EDate,0000208ETemperature,00002091Date,00002091Temperature,0000209BDate,0000209BTemperature,000020C7Date,000020C7Temperature,0000255DDate,0000255DTemperature,00203660Date,00203660Temperature,00203F1BDate,00203F1BTemperature,002040BBDate,002040BBTemperature,00204C0FDate,00204C0FTemperature,002057D4Date,00206457Date,00206947Date,0020F03CDate,0020F048Date,0020F218Date
2023-03-29 13:21:00,30.0,2023-10-23 20:00:00,14.37,2023-12-25 08:00:00,4.09,2023-12-25 08:00:00,0.1,2023-12-25 08:00:00,3.58,2023-12-25 08:00:00,1.15,2023-12-25 08:00:00,4.08,2023-12-25 09:30:00,6.61,2023-06-15 15:00:00,29.51,2023-12-25 09:00:00,10.97,2023-12-25 06:00:00,1.96,2023-12-25 09:00:00,0.29,2023-12-25 06:00:00,2023-12-24 14:00:00,2023-12-25 09:00:00,2023-12-25 08:00:00,2023-12-25 08:00:00,2023-12-25 09:00:00
2023-03-29 14:21:00,29.94,2023-10-23 21:00:00,14.55,2023-12-25 09:00:00,3.96,2023-12-25 09:00:00,1.27,2023-12-25 09:00:00,5.85,2023-12-25 09:00:00,2.34,2023-12-25 09:00:00,8.16,2023-12-25 10:30:00,12.27,2023-06-15 16:00:00,26.53,2023-12-25 10:00:00,14.0,2023-12-25 07:00:00,3.49,2023-12-25 10:00:00,4.02,2023-12-25 07:00:00,2023-12-24 15:00:00,2023-12-25 10:00:00,2023-12-25 09:00:00,2023-12-25 09:00:00,2023-12-25 10:00:00
2023-03-29 15:21:00,30.39,2023-10-23 22:00:00,14.5,2023-12-25 10:00:00,2.04,2023-12-25 10:00:00,3.07,2023-12-25 10:00:00,6.77,2023-12-25 10:00:00,2.25,2023-12-25 10:00:00,12.13,2023-12-25 11:30:00,16.59,2023-06-15 17:00:00,23.51,2023-12-25 11:00:00,16.31,2023-12-25 08:00:00,3.33,2023-12-25 11:00:00,9.14,2023-12-25 08:00:00,2023-12-24 16:00:00,2023-12-25 11:00:00,2023-12-25 10:00:00,2023-12-25 10:00:00,2023-12-25 11:00:00
2023-03-29 16:21:00,30.23,2023-10-23 23:00:00,14.28,2023-12-25 11:00:00,0.43,2023-12-25 11:00:00,5.64,2023-12-25 11:00:00,6.93,2023-12-25 11:00:00,1.41,2023-12-25 11:00:00,15.46,2023-12-25 12:30:00,18.94,2023-06-15 18:00:00,20.51,2023-12-25 12:00:00,17.63,2023-12-25 09:00:00,4.77,2023-12-25 12:00:00,13.87,2023-12-25 09:00:00,2023-12-24 17:00:00,2023-12-25 12:00:00,2023-12-25 11:00:00,2023-12-25 11:00:00,2023-12-25 12:00:00
2023-03-29 17:21:00,29.64,2023-10-24 00:00:00,14.37,2023-12-25 12:00:00,0.24,2023-12-25 12:00:00,8.28,2023-12-25 12:00:00,6.94,2023-12-25 12:00:00,1.09,2023-12-25 12:00:00,17.58,2023-12-25 13:30:00,19.89,2023-06-15 19:00:00,18.49,2023-12-25 13:00:00,18.32,2023-12-25 10:00:00,8.76,2023-12-25 13:00:00,17.27,2023-12-25 10:00:00,2023-12-24 18:00:00,2023-12-25 13:00:00,2023-12-25 12:00:00,2023-12-25 12:00:00,2023-12-25 13:00:00
2023-03-29 18:21:00,27.74,2023-10-24 01:00:00,14.73,2023-12-25 13:00:00,1.57,2023-12-25 13:00:00,11.11,2023-12-25 13:00:00,6.56,2023-12-25 13:00:00,1.52,2023-12-25 13:00:00,18.92,2023-12-25 14:30:00,19.62,2023-06-15 20:00:00,16.29,2023-12-25 14:00:00,18.26,2023-12-25 11:00:00,11.46,2023-12-25 14:00:00,19.41,2023-12-25 11:00:00,2023-12-24 19:00:00,2023-12-25 14:00:00,2023-12-25 13:00:00,2023-12-25 13:00:00,2023-12-25 14:00:00
2023-03-29 19:21:00,24.64,2023-10-24 02:00:00,15.47,2023-12-25 14:00:00,2.26,2023-12-25 14:00:00,13.9,2023-12-25 14:00:00,5.75,2023-12-25 14:00:00,2.79,2023-12-25 14:00:00,18.38,2023-12-25 15:30:00,18.67,2023-06-15 21:00:00,14.44,2023-12-25 15:00:00,17.38,2023-12-25 12:00:00,10.74,2023-12-25 15:00:00,20.21,2023-12-25 12:00:00,2023-12-24 20:00:00,2023-12-25 15:00:00,2023-12-25 14:00:00,2023-12-25 14:00:00,2023-12-25 15:00:00
2023-03-29 20:21:00,21.68,2023-10-24 03:00:00,16.0,2023-12-25 15:00:00,2.51,2023-12-25 15:00:00,16.13,2023-12-25 15:00:00,5.88,2023-12-25 15:00:00,4.54,2023-12-25 15:00:00,16.4,2023-12-25 16:30:00,17.16,2023-06-15 22:00:00,13.02,2023-12-25 16:00:00,16.09,2023-12-25 13:00:00,11.0,2023-12-25 16:00:00,20.45,2023-12-25 13:00:00,2023-12-24 21:00:00,2023-12-25 16:00:00,2023-12-25 15:00:00,2023-12-25 15:00:00,2023-12-25 16:00:00
2023-03-29 21:21:00,19.76,2023-10-24 04:00:00,16.69,2023-12-25 16:00:00,3.73,2023-12-25 16:00:00,17.07,2023-12-25 16:00:00,7.95,2023-12-25 16:00:00,6.26,2023-12-25 16:00:00,13.64,2023-12-25 17:30:00,15.1,2023-06-15 23:00:00,12.25,2023-12-25 17:00:00,14.58,2023-12-25 14:00:00,10.67,2023-12-25 17:00:00,19.67,2023-12-25 14:00:00,2023-12-24 22:00:00,2023-12-25 17:00:00,2023-12-25 16:00:00,2023-12-25 16:00:00,2023-12-25 17:00:00
2023-03-29 22:21:00,16.83,2023-10-24 05:00:00,16.89,2023-12-25 17:00:00,6.62,2023-12-25 17:00:00,17.2,2023-12-25 17:00:00,11.27,2023-12-25 17:00:00,7.72,2023-12-25 17:00:00,11.17,2023-12-25 18:30:00,13.09,2023-06-16 00:00:00,11.49,2023-12-25 18:00:00,13.5,2023-12-25 15:00:00,8.33,2023-12-25 18:00:00,17.5,2023-12-25 15:00:00,2023-12-24 23:00:00,2023-12-25 18:00:00,2023-12-25 17:00:00,2023-12-25 17:00:00,2023-12-25 18:00:00
2023-03-29 23:21:00,15.82,2023-10-24 06:00:00,17.04,2023-12-25 18:00:00,9.76,2023-12-25 18:00:00,16.21,2023-12-25 18:00:00,13.54,2023-12-25 18:00:00,8.79,2023-12-25 18:00:00,10.14,2023-12-25 19:30:00,11.06,2023-06-16 01:00:00,10.9,2023-12-25 19:00:00,12.45,2023-12-25 16:00:00,8.75,2023-12-25 19:00:00,14.58,2023-12-25 16:00:00,2023-12-25 00:00:00,2023-12-25 19:00:00,2023-12-25 18:00:00,2023-12-25 18:00:00,2023-12-25 19:00:00
2023-03-30 00:21:00,15.02,2023-10-24 07:00:00,17.42,2023-12-25 19:00:00,11.39,2023-12-25 19:00:00,14.11,2023-12-25 19:00:00,12.91,2023-12-25 19:00:00,9.32,2023-12-25 19:00:00,9.23,2023-12-25 20:30:00,9.7,2023-06-16 02:00:00,10.95,2023-12-25 20:00:00,11.74,2023-12-25 17:00:00,11.57,2023-12-25 20:00:00,11.95,2023-12-25 17:00:00,2023-12-25 01:00:00,2023-12-25 20:00:00,2023-12-25 19:00:00,2023-12-25 19:00:00,2023-12-25 20:00:00
2023-03-30 01:21:00,13.99,2023-10-24 08:00:00,17.82,2023-12-25 20:00:00,12.43,2023-12-25 20:00:00,12.1,2023-12-25 20:00:00,11.63,2023-12-25 20:00:00,9.91,2023-12-25 20:00:00,8.67,2023-12-25 21:30:00,8.81,2023-06-16 03:00:00,12.32,2023-12-25 21:00:00,11.35,2023-12-25 18:00:00,12.78,2023-12-25 21:00:00,10.2,2023-12-25 18:00:00,2023-12-25 02:00:00,2023-12-25 21:00:00,2023-12-25 20:00:00,2023-12-25 20:00:00,2023-12-25 21:00:00
2023-03-30 02:21:00,13.68,2023-10-24 09:00:00,18.36,2023-12-25 21:00:00,13.4,2023-12-25 21:00:00,9.99,2023-12-25 21:00:00,10.08,2023-12-25 21:00:00,10.22,2023-12-25 21:00:00,8.69,2023-12-25 22:30:00,8.32,2023-06-16 04:00:00,15.09,2023-12-25 22:00:00,11.21,2023-12-25 19:00:00,11.55,2023-12-25 22:00:00,9.07,2023-12-25 19:00:00,2023-12-25 03:00:00,2023-12-25 22:00:00,2023-12-25 21:00:00,2023-12-25 21:00:00,2023-12-25 22:00:00
2023-03-30 03:21:00,14.35,2023-10-24 10:00:00,19.04,2023-12-25 22:00:00,14.34,2023-12-25 22:00:00,7.17,2023-12-25 22:00:00,8.04,2023-12-25 22:00:00,10.55,2023-12-25 22:00:00,9.52,2023-12-25 23:30:00,7.79,2023-06-16 05:00:00,18.64,2023-12-25 23:00:00,11.19,2023-12-25 20:00:00,10.58,2023-12-25 23:00:00,8.27,2023-12-25 20:00:00,2023-12-25 04:00:00,2023-12-25 23:00:00,2023-12-25 22:00:00,2023-12-25 22:00:00,2023-12-25 23:00:00
2023-03-30 04:21:00,15.74,2023-10-24 11:00:00,19.24,2023-12-25 23:00:00,14.4,2023-12-25 23:00:00,5.65,2023-12-25 23:00:00,6.77,2023-12-25 23:00:00,10.65,2023-12-25 23:00:00,10.19,2023-12-26 00:30:00,7.05,2023-06-16 06:00:00,21.3,2023-12-26 00:00:00,11.33,2023-12-25 21:00:00,9.68,2023-12-26 00:00:00,7.4,2023-12-25 21:00:00,2023-12-25 05:00:00,2023-12-26 00:00:00,2023-12-25 23:00:00,2023-12-25 23:00:00,2023-12-26 00:00:00
2023-03-30 05:21:00,16.32,2023-10-24 12:00:00,18.69,2023-12-26 00:00:00,13.53,2023-12-26 00:00:00,5.22,2023-12-26 00:00:00,5.64,2023-12-26 00:00:00,10.88,2023-12-26 00:00:00,10.61,2023-12-26 01:30:00,6.01,2023-06-16 07:00:00,22.49,2023-12-26 01:00:00,11.83,2023-12-25 22:00:00,8.4,2023-12-26 01:00:00,7.06,2023-12-25 22:00:00,2023-12-25 06:00:00,2023-12-26 01:00:00,2023-12-26 00:00:00,2023-12-26 00:00:00,2023-12-26 01:00:00
2023-03-30 06:21:00,16.07,2023-10-24 13:00:00,17.66,2023-12-26 01:00:00,11.86,2023-12-26 01:00:00,6.19,2023-12-26 01:00:00,5.55,2023-12-26 01:00:00,10.84,2023-12-26 01:00:00,11.14,2023-12-26 02:30:00,4.75,2023-06-16 08:00:00,23.61,2023-12-26 02:00:00,12.02,2023-12-25 23:00:00,9.32,2023-12-26 02:00:00,7.01,2023-12-25 23:00:00,2023-12-25 07:00:00,2023-12-26 02:00:00,2023-12-26 01:00:00,2023-12-26 01:00:00,2023-12-26 02:00:00
2023-03-30 07:21:00,16.26,2023-10-24 14:00:00,16.31,2023-12-26 02:00:00,10.69,2023-12-26 02:00:00,8.11,2023-12-26 02:00:00,7.08,2023-12-26 02:00:00,10.28,2023-12-26 02:00:00,12.22,2023-12-26 03:30:00,3.58,2023-06-16 09:00:00,24.85,2023-12-26 03:00:00,12.32,2023-12-26 00:00:00,12.15,2023-12-26 03:00:00,7.53,2023-12-26 00:00:00,2023-12-25 08:00:00,2023-12-26 03:00:00,2023-12-26 02:00:00,2023-12-26 02:00:00,2023-12-26 03:00:00
2023-03-30 08:21:00,17.02,2023-10-24 15:00:00,15.59,2023-12-26 03:00:00,10.05,2023-12-26 03:00:00,10.26,2023-12-26 03:00:00,7.76,2023-12-26 03:00:00,9.65,2023-12-26 03:00:00,13.77,2023-12-26 04:30:00,2.56,2023-06-16 10:00:00,25.88,2023-12-26 04:00:00,12.72,2023-12-26 01:00:00,11.57,2023-12-26 04:00:00,8.24,2023-12-26 01:00:00,2023-12-25 09:00:00,2023-12-26 04:00:00,2023-12-26 03:00:00,2023-12-26 03:00:00,2023-12-26 04:00:00
2023-03-30 09:21:00,18.07,2023-10-24 16:00:00,15.49,2023-12-26 04:00:00,8.6,2023-12-26 04:00:00,12.83,2023-12-26 04:00:00,7.93,2023-12-26 04:00:00,8.93,2023-12-26 04:00:00,14.84,2023-12-26 05:30:00,2.49,2023-06-16 11:00:00,26.45,2023-12-26 05:00:00,13.42,2023-12-26 02:00:00,8.05,2023-12-26 05:00:00,8.67,2023-12-26 02:00:00,2023-12-25 10:00:00,2023-12-26 05:00:00,2023-12-26 04:00:00,2023-12-26 04:00:00,2023-12-26 05:00:00
2023-03-30 10:21:00,19.27,2023-10-24 17:00:00,15.07,2023-12-26 05:00:00,6.26,2023-12-26 05:00:00,15.54,2023-12-26 05:00:00,7.18,2023-12-26 05:00:00,8.42,2023-12-26 05:00:00,14.35,2023-12-26 06:30:00,3.62,2023-06-16 12:00:00,26.58,2023-12-26 06:00:00,14.36,2023-12-26 03:00:00,7.63,2023-12-26 06:00:00,8.88,2023-12-26 03:00:00,2023-12-25 11:00:00,2023-12-26 06:00:00,2023-12-26 05:00:00,2023-12-26 05:00:00,2023-12-26 06:00:00
2023-03-30 11:21:00,20.8,2023-10-24 18:00:00,14.46,2023-12-26 06:00:00,4.26,2023-12-26 06:00:00,17.59,2023-12-26 06:00:00,5.81,2023-12-26 06:00:00,7.91,2023-12-26 06:00:00,13.16,2023-12-26 07:30:00,6.13,2023-06-16 13:00:00,27.48,2023-12-26 07:00:00,15.5,2023-12-26 04:00:00,7.59,2023-12-26 07:00:00,8.41,2023-12-26 04:00:00,2023-12-25 12:00:00,2023-12-26 07:00:00,2023-12-26 06:00:00,2023-12-26 06:00:00,2023-12-26 07:00:00
2023-03-30 12:21:00,21.42,2023-10-24 19:00:00,13.99,2023-12-26 07:00:00,3.69,2023-12-26 07:00:00,18.89,2023-12-26 07:00:00,5.03,2023-12-26 07:00:00,7.66,2023-12-26 07:00:00,11.15,2023-12-26 08:30:00,9.75,2023-06-16 14:00:00,27.08,2023-12-26 08:00:00,16.74,2023-12-26 05:00:00,6.37,2023-12-26 08:00:00,8.16,2023-12-26 05:00:00,2023-12-25 13:00:00,2023-12-26 08:00:00,2023-12-26 07:00:00,2023-12-26 07:00:00,2023-12-26 08:00:00
2023-03-30 13:21:00,20.43,2023-10-24 20:00:00,14.4,2023-12-26 08:00:00,5.04,2023-12-26 08:00:00,19.1,2023-12-26 08:00:00,5.37,2023-12-26 08:00:00,7.24,2023-12-26 08:00:00,9.12,2023-12-26 09:30:00,13.62,2023-06-16 15:00:00,24.7,2023-12-26 09:00:00,17.54,2023-12-26 06:00:00,6.83,2023-12-26 09:00:00,8.68,2023-12-26 06:00:00,2023-12-25 14:00:00,2023-12-26 09:00:00,2023-12-26 08:00:00,2023-12-26 08:00:00,2023-12-26 09:00:00
2023-03-30 14:21:00,18.35,2023-10-24 21:00:00,14.81,2023-12-26 09:00:00,5.84,2023-12-26 09:00:00,18.27,2023-12-26 09:00:00,7.74,2023-12-26 09:00:00,6.81,2023-12-26 09:00:00,7.91,2023-12-26 10:30:00,16.48,2023-06-16 16:00:00,21.65,2023-12-26 10:00:00,18.18,2023-12-26 07:00:00,7.91,2023-12-26 10:00:00,11.26,2023-12-26 07:00:00,2023-12-25 15:00:00,2023-12-26 10:00:00,2023-12-26 09:00:00,2023-12-26 09:00:00,2023-12-26 10:00:00
2023-03-30 15:21:00,16.34,2023-10-24 22:00:00,14.94,2023-12-26 10:00:00,5.69,2023-12-26 10:00:00,16.06,2023-12-26 10:00:00,9.41,2023-12-26 10:00:00,5.95,2023-12-26 10:00:00,7.09,2023-12-26 11:30:00,18.11,2023-06-16 17:00:00,19.05,2023-12-26 11:00:00,18.36,2023-12-26 08:00:00,8.1,2023-12-26 11:00:00,14.83,2023-12-26 08:00:00,2023-12-25 16:00:00,2023-12-26 11:00:00,2023-12-26 10:00:00,2023-12-26 10:00:00,2023-12-26 11:00:00
2023-03-30 16:21:00,14.05,2023-10-24 23:00:00,15.05,2023-12-26 11:00:00,5.33,2023-12-26 11:00:00,13.84,2023-12-26 11:00:00,9.0,2023-12-26 11:00:00,5.3,2023-12-26 11:00:00,7.0,2023-12-26 12:30:00,18.55,2023-06-16 18:00:00,16.31,2023-12-26 12:00:00,18.04,2023-12-26 09:00:00,8.55,2023-12-26 12:00:00,17.83,2023-12-26 09:00:00,2023-12-25 17:00:00,2023-12-26 12:00:00,2023-12-26 11:00:00,2023-12-26 11:00:00,2023-12-26 12:00:00
2023-03-30 17:21:00,11.83,2023-10-25 00:00:00,15.22,2023-12-26 12:00:00,5.93,2023-12-26 12:00:00,11.27,2023-12-26 12:00:00,8.23,2023-12-26 12:00:00,4.75,2023-12-26 12:00:00,8.24,2023-12-26 13:30:00,18.61,2023-06-16 19:00:00,14.45,2023-12-26 13:00:00,17.52,2023-12-26 10:00:00,11.23,2023-12-26 13:00:00,20.27,2023-12-26 10:00:00,2023-12-25 18:00:00,2023-12-26 13:00:00,2023-12-26 12:00:00,2023-12-26 12:00:00,2023-12-26 13:00:00
2023-03-30 18:21:00,10.16,2023-10-25 01:00:00,15.48,2023-12-26 13:00:00,6.4,2023-12-26 13:00:00,8.44,2023-12-26 13:00:00,6.73,2023-12-26 13:00:00,4.85,2023-12-26 13:00:00,10.03,2023-12-26 14:30:00,18.28,2023-06-16 20:00:00,13.19,2023-12-26 14:00:00,16.88,2023-12-26 11:00:00,12.15,2023-12-26 14:00:00,21.34,2023-12-26 11:00:00,2023-12-25 19:00:00,2023-12-26 14:00:00,2023-12-26 13:00:00,2023-12-26 13:00:00,2023-12-26 14:00:00
2023-03-30 19:21:00,9.8,2023-10-25 02:00:00,16.03,2023-12-26 14:00:00,6.29,2023-12-26 14:00:00,7.0,2023-12-26 14:00:00,6.17,2023-12-26 14:00:00,5.32,2023-12-26 14:00:00,11.78,2023-12-26 15:30:00,17.67,2023-06-16 21:00:00,12.15,2023-12-26 15:00:00,16.14,2023-12-26 12:00:00,10.93,2023-12-26 15:00:00,21.83,2023-12-26 12:00:00,2023-12-25 20:00:00,2023-12-26 15:00:00,2023-12-26 14:00:00,2023-12-26 14:00:00,2023-12-26 15:00:00
2023-03-30 20:21:00,9.6,2023-10-25 03:00:00,16.45,2023-12-26 15:00:00,6.06,2023-12-26 15:00:00,6.24,2023-12-26 15:00:00,6.48,2023-12-26 15:00:00,6.57,2023-12-26 15:00:00,13.53,2023-12-26 16:30:00,16.99,2023-06-16 22:00:00,11.58,2023-12-26 16:00:00,15.34,2023-12-26 13:00:00,10.53,2023-12-26 16:00:00,21.84,2023-12-26 13:00:00,2023-12-25 21:00:00,2023-12-26 16:00:00,2023-12-26 15:00:00,2023-12-26 15:00:00,2023-12-26 16:00:00
2023-03-30 21:21:00,10.31,2023-10-25 04:00:00,16.57,2023-12-26 16:00:00,6.86,2023-12-26 16:00:00,6.76,2023-12-26 16:00:00,7.78,2023-12-26 16:00:00,7.96,2023-12-26 16:00:00,14.91,2023-12-26 17:30:00,16.18,2023-06-16 23:00:00,11.3,2023-12-26 17:00:00,15.03,2023-12-26 14:00:00,11.05,2023-12-26 17:00:00,20.9,2023-12-26 14:00:00,2023-12-25 22:00:00,2023-12-26 17:00:00,2023-12-26 16:00:00,2023-12-26 16:00:00,2023-12-26 17:00:00
2023-03-30 22:21:00,11.53,2023-10-25 05:00:00,16.67,2023-12-26 17:00:00,9.05,2023-12-26 17:00:00,9.19,2023-12-26 17:00:00,10.19,2023-12-26 17:00:00,9.37,2023-12-26 17:00:00,16.65,2023-12-26 18:30:00,15.1,2023-06-17 00:00:00,11.19,2023-12-26 18:00:00,14.72,2023-12-26 15:00:00,10.61,2023-12-26 18:00:00,18.85,2023-12-26 15:00:00,2023-12-25 23:00:00,2023-12-26 18:00:00,2023-12-26 17:00:00,2023-12-26 17:00:00,2023-12-26 18:00:00
2023-03-30 23:21:00,13.03,2023-10-25 06:00:00,16.51,2023-12-26 18:00:00,12.14,2023-12-26 18:00:00,11.41,2023-12-26 18:00:00,11.98,2023-12-26 18:00:00,11.07,2023-12-26 18:00:00,19.64,2023-12-26 19:30:00,13.7,2023-06-17 01:00:00,11.26,2023-12-26 19:00:00,14.31,2023-12-26 16:00:00,9.9,2023-12-26 19:00:00,16.14,2023-12-26 16:00:00,2023-12-26 00:00:00,2023-12-26 19:00:00,2023-12-26 18:00:00,2023-12-26 18:00:00,2023-12-26 19:00:00
2023-03-31 00:21:00,13.73,2023-10-25 07:00:00,16.65,2023-12-26 19:00:00,13.24,2023-12-26 19:00:00,14.14,2023-12-26 19:00:00,12.66,2023-12-26 19:00:00,13.04,2023-12-26 19:00:00,21.22,2023-12-26 20:30:00,12.48,2023-06-17 02:00:00,11.64,2023-12-26 20:00:00,13.98,2023-12-26 17:00:00,11.88,2023-12-26 20:00:00,13.69,2023-12-26 17:00:00,2023-12-26 01:00:00,2023-12-26 20:00:00,2023-12-26 19:00:00,2023-12-26 19:00:00,2023-12-26 20:00:00
2023-03-31 01:21:00,13.69,2023-10-25 08:00:00,16.78,2023-12-26 20:00:00,12.56,2023-12-26 20:00:00,17.17,2023-12-26 20:00:00,13.15,2023-12-26 20:00:00,14.47,2023-12-26 20:00:00,21.49,2023-12-26 21:30:00,11.35,2023-06-17 03:00:00,12.77,2023-12-26 21:00:00,13.93,2023-12-26 18:00:00,12.79,2023-12-26 21:00:00,11.92,2023-12-26 18:00:00,2023-12-26 02:00:00,2023-12-26 21:00:00,2023-12-26 20:00:00,2023-12-26 20:00:00,2023-12-26 21:00:00
2023-03-31 02:21:00,13.38,2023-10-25 09:00:00,17.15,2023-12-26 21:00:00,11.57,2023-12-26 21:00:00,19.96,2023-12-26 21:00:00,12.66,2023-12-26 21:00:00,15.55,2023-12-26 21:00:00,20.9,2023-12-26 22:30:00,10.31,2023-06-17 04:00:00,15.46,2023-12-26 22:00:00,14.3,2023-12-26 19:00:00,11.34,2023-12-26 22:00:00,10.94,2023-12-26 19:00:00,2023-12-26 03:00:00,2023-12-26 22:00:00,2023-12-26 21:00:00,2023-12-26 21:00:00,2023-12-26 22:00:00
2023-03-31 03:21:00,13.46,2023-10-25 10:00:00,17.88,2023-12-26 22:00:00,11.4,2023-12-26 22:00:00,21.25,2023-12-26 22:00:00,10.98,2023-12-26 22:00:00,15.59,2023-12-26 22:00:00,18.68,2023-12-26 23:30:00,9.23,2023-06-17 05:00:00,18.23,2023-12-26 23:00:00,14.89,2023-12-26 20:00:00,10.84,2023-12-26 23:00:00,10.31,2023-12-26 20:00:00,2023-12-26 04:00:00,2023-12-26 23:00:00,2023-12-26 22:00:00,2023-12-26 22:00:00,2023-12-26 23:00:00
2023-03-31 04:21:00,13.06,2023-10-25 11:00:00,18.42,2023-12-26 23:00:00,11.14,2023-12-26 23:00:00,22.09,2023-12-26 23:00:00,8.7,2023-12-26 23:00:00,14.88,2023-12-26 23:00:00,16.01,2023-12-27 00:30:00,8.09,2023-06-17 06:00:00,19.81,2023-12-27 00:00:00,15.59,2023-12-26 21:00:00,11.23,2023-12-27 00:00:00,9.97,2023-12-26 21:00:00,2023-12-26 05:00:00,2023-12-27 00:00:00,2023-12-26 23:00:00,2023-12-26 23:00:00,2023-12-27 00:00:00
2023-03-31 05:21:00,12.32,2023-10-25 12:00:00,18.62,2023-12-27 00:00:00,10.5,2023-12-27 00:00:00,21.36,2023-12-27 00:00:00,6.93,2023-12-27 00:00:00,13.67,2023-12-27 00:00:00,12.68,2023-12-27 01:30:00,6.99,2023-06-17 07:00:00,20.88,2023-12-27 01:00:00,16.1,2023-12-26 22:00:00,11.19,2023-12-27 01:00:00,9.89,2023-12-26 22:00:00,2023-12-26 06:00:00,2023-12-27 01:00:00,2023-12-27 00:00:00,2023-12-27 00:00:00,2023-12-27 01:00:00
2023-03-31 06:21:00,11.62,2023-10-25 13:00:00,18.06,2023-12-27 01:00:00,9.45,2023-12-27 01:00:00,19.39,2023-12-27 01:00:00,5.93,2023-12-27 01:00:00,12.03,2023-12-27 01:00:00,9.74,2023-12-27 02:30:00,5.85,2023-06-17 08:00:00,21.82,2023-12-27 02:00:00,16.63,2023-12-26 23:00:00,11.75,2023-12-27 02:00:00,10.4,2023-12-26 23:00:00,2023-12-26 07:00:00,2023-12-27 02:00:00,2023-12-27 01:00:00,2023-12-27 01:00:00,2023-12-27 02:00:00
2023-03-31 07:21:00,9.84,2023-10-25 14:00:00,17.42,2023-12-27 02:00:00,8.69,2023-12-27 02:00:00,16.68,2023-12-27 02:00:00,6.28,2023-12-27 02:00:00,10.33,2023-12-27 02:00:00,8.88,2023-12-27 03:30:00,4.87,2023-06-17 09:00:00,22.36,2023-12-27 03:00:00,17.23,2023-12-27 00:00:00,13.53,2023-12-27 03:00:00,11.13,2023-12-27 00:00:00,2023-12-26 08:00:00,2023-12-27 03:00:00,2023-12-27 02:00:00,2023-12-27 02:00:00,2023-12-27 03:00:00
2023-03-31 08:21:00,9.57,2023-10-25 15:00:00,17.0,2023-12-27 03:00:00,8.46,2023-12-27 03:00:00,14.13,2023-12-27 03:00:00,6.85,2023-12-27 03:00:00,9.03,2023-12-27 03:00:00,9.01,2023-12-27 04:30:00,4.28,2023-06-17 10:00:00,22.59,2023-12-27 04:00:00,17.79,2023-12-27 01:00:00,12.26,2023-12-27 04:00:00,11.93,2023-12-27 01:00:00,2023-12-26 09:00:00,2023-12-27 04:00:00,2023-12-27 03:00:00,2023-12-27 03:00:00,2023-12-27 04:00:00
2023-03-31 09:21:00,9.05,2023-10-25 16:00:00,16.67,2023-12-27 04:00:00,8.04,2023-12-27 04:00:00,11.42,2023-12-27 04:00:00,6.99,2023-12-27 04:00:00,8.04,2023-12-27 04:00:00,10.05,2023-12-27 05:30:00,4.55,2023-06-17 11:00:00,22.06,2023-12-27 05:00:00,18.5,2023-12-27 02:00:00,9.42,2023-12-27 05:00:00,12.52,2023-12-27 02:00:00,2023-12-26 10:00:00,2023-12-27 05:00:00,2023-12-27 04:00:00,2023-12-27 04:00:00,2023-12-27 05:00:00
2023-03-31 10:21:00,8.76,2023-10-25 17:00:00,16.59,2023-12-27 05:00:00,7.15,2023-12-27 05:00:00,9.12,2023-12-27 05:00:00,6.9,2023-12-27 05:00:00,7.41,2023-12-27 05:00:00,11.65,2023-12-27 06:30:00,6.06,2023-06-17 12:00:00,22.02,2023-12-27 06:00:00,18.91,2023-12-27 03:00:00,9.15,2023-12-27 06:00:00,12.64,2023-12-27 03:00:00,2023-12-26 11:00:00,2023-12-27 06:00:00,2023-12-27 05:00:00,2023-12-27 05:00:00,2023-12-27 06:00:00
2023-03-31 11:21:00,9.58,2023-10-25 18:00:00,16.08,2023-12-27 06:00:00,6.85,2023-12-27 06:00:00,7.45,2023-12-27 06:00:00,6.34,2023-12-27 06:00:00,7.09,2023-12-27 06:00:00,12.53,2023-12-27 07:30:00,9.1,2023-06-17 13:00:00,22.85,2023-12-27 07:00:00,19.3,2023-12-27 04:00:00,9.84,2023-12-27 07:00:00,12.43,2023-12-27 04:00:00,2023-12-26 12:00:00,2023-12-27 07:00:00,2023-12-27 06:00:00,2023-12-27 06:00:00,2023-12-27 07:00:00
2023-03-31 12:21:00,8.89,2023-10-25 19:00:00,15.67,2023-12-27 07:00:00,7.48,2023-12-27 07:00:00,6.55,2023-12-27 07:00:00,6.57,2023-12-27 07:00:00,7.12,2023-12-27 07:00:00,13.72,2023-12-27 08:30:00,12.74,2023-06-17 14:00:00,21.75,2023-12-27 08:00:00,19.39,2023-12-27 05:00:00,9.24,2023-12-27 08:00:00,12.22,2023-12-27 05:00:00,2023-12-26 13:00:00,2023-12-27 08:00:00,2023-12-27 07:00:00,2023-12-27 07:00:00,2023-12-27 08:00:00
2023-03-31 13:21:00,8.32,2023-10-25 20:00:00,15.78,2023-12-27 08:00:00,8.78,2023-12-27 08:00:00,7.2,2023-12-27 08:00:00,7.85,2023-12-27 08:00:00,7.43,2023-12-27 08:00:00,15.22,2023-12-27 09:30:00,16.21,2023-06-17 15:00:00,19.46,2023-12-27 09:00:00,19.12,2023-12-27 06:00:00,8.43,2023-12-27 09:00:00,12.77,2023-12-27 06:00:00,2023-12-26 14:00:00,2023-12-27 09:00:00,2023-12-27 08:00:00,2023-12-27 08:00:00,2023-12-27 09:00:00
2023-03-31 14:21:00,8.97,2023-10-25 21:00:00,16.32,2023-12-27 09:00:00,8.9,2023-12-27 09:00:00,8.46,2023-12-27 09:00:00,9.45,2023-12-27 09:00:00,7.92,2023-12-27 09:00:00,16.91,2023-12-27 10:30:00,18.92,2023-06-17 16:00:00,16.74,2023-12-27 10:00:00,18.73,2023-12-27 07:00:00,9.47,2023-12-27 10:00:00,14.61,2023-12-27 07:00:00,2023-12-26 15:00:00,2023-12-27 10:00:00,2023-12-27 09:00:00,2023-12-27 09:00:00,2023-12-27 10:00:00
2023-03-31 15:21:00,9.25,2023-10-25 22:00:00,16.56,2023-12-27 10:00:00,7.59,2023-12-27 10:00:00,10.27,2023-12-27 10:00:00,10.52,2023-12-27 10:00:00,8.66,2023-12-27 10:00:00,18.45,2023-12-27 11:30:00,20.45,2023-06-17 17:00:00,14.52,2023-12-27 11:00:00,18.3,2023-12-27 08:00:00,9.15,2023-12-27 11:00:00,17.36,2023-12-27 08:00:00,2023-12-26 16:00:00,2023-12-27 11:00:00,2023-12-27 10:00:00,2023-12-27 10:00:00,2023-12-27 11:00:00
2023-03-31 16:21:00,9.99,2023-10-25 23:00:00,16.73,2023-12-27 11:00:00,6.17,2023-12-27 11:00:00,13.03,2023-12-27 11:00:00,10.27,2023-12-27 11:00:00,9.21,2023-12-27 11:00:00,19.54,2023-12-27 12:30:00,21.02,2023-06-17 18:00:00,13.48,2023-12-27 12:00:00,18.02,2023-12-27 09:00:00,9.0,2023-12-27 12:00:00,19.83,2023-12-27 09:00:00,2023-12-26 17:00:00,2023-12-27 12:00:00,2023-12-27 11:00:00,2023-12-27 11:00:00,2023-12-27 12:00:00
2023-03-31 17:21:00,9.88,2023-10-26 00:00:00,16.78,2023-12-27 12:00:00,6.1,2023-12-27 12:00:00,15.74,2023-12-27 12:00:00,10.01,2023-12-27 12:00:00,9.46,2023-12-27 12:00:00,19.7,2023-12-27 13:30:00,20.94,2023-06-17 19:00:00,12.26,2023-12-27 13:00:00,17.56,2023-12-27 10:00:00,11.65,2023-12-27 13:00:00,21.4,2023-12-27 10:00:00,2023-12-26 18:00:00,2023-12-27 13:00:00,2023-12-27 12:00:00,2023-12-27 12:00:00,2023-12-27 13:00:00
2023-03-31 18:21:00,9.57,2023-10-26 01:00:00,16.61,2023-12-27 13:00:00,7.28,2023-12-27 13:00:00,17.85,2023-12-27 13:00:00,9.56,2023-12-27 13:00:00,9.53,2023-12-27 13:00:00,19.4,2023-12-27 14:30:00,20.43,2023-06-17 20:00:00,11.66,2023-12-27 14:00:00,17.01,2023-12-27 11:00:00,13.83,2023-12-27 14:00:00,22.36,2023-12-27 11:00:00,2023-12-26 19:00:00,2023-12-27 14:00:00,2023-12-27 13:00:00,2023-12-27 13:00:00,2023-12-27 14:00:00
2023-03-31 19:21:00,9.45,2023-10-26 02:00:00,16.57,2023-12-27 14:00:00,7.6,2023-12-27 14:00:00,19.66,2023-12-27 14:00:00,8.64,2023-12-27 14:00:00,9.88,2023-12-27 14:00:00,17.58,2023-12-27 15:30:00,19.57,2023-06-17 21:00:00,11.54,2023-12-27 15:00:00,16.38,2023-12-27 12:00:00,13.08,2023-12-27 15:00:00,22.42,2023-12-27 12:00:00,2023-12-26 20:00:00,2023-12-27 15:00:00,2023-12-27 14:00:00,2023-12-27 14:00:00,2023-12-27 15:00:00
2023-03-31 20:21:00,9.07,2023-10-26 03:00:00,16.5,2023-12-27 15:00:00,7.12,2023-12-27 15:00:00,20.18,2023-12-27 15:00:00,8.06,2023-12-27 15:00:00,10.17,2023-12-27 15:00:00,15.28,2023-12-27 16:30:00,18.59,2023-06-17 22:00:00,10.92,2023-12-27 16:00:00,16.01,2023-12-27 13:00:00,12.04,2023-12-27 16:00:00,22.28,2023-12-27 13:00:00,2023-12-26 21:00:00,2023-12-27 16:00:00,2023-12-27 15:00:00,2023-12-27 15:00:00,2023-12-27 16:00:00
2023-03-31 21:21:00,8.84,2023-10-26 04:00:00,16.6,2023-12-27 16:00:00,6.85,2023-12-27 16:00:00,19.76,2023-12-27 16:00:00,8.18,2023-12-27 16:00:00,10.56,2023-12-27 16:00:00,12.78,2023-12-27 17:30:00,17.56,2023-06-17 23:00:00,10.94,2023-12-27 17:00:00,15.67,2023-12-27 14:00:00,12.34,2023-12-27 17:00:00,21.38,2023-12-27 14:00:00,2023-12-26 22:00:00,2023-12-27 17:00:00,2023-12-27 16:00:00,2023-12-27 16:00:00,2023-12-27 17:00:00
2023-03-31 22:21:00,8.98,2023-10-26 05:00:00,16.25,2023-12-27 17:00:00,7.85,2023-12-27 17:00:00,18.61,2023-12-27 17:00:00,10.2,2023-12-27 17:00:00,10.76,2023-12-27 17:00:00,11.76,2023-12-27 18:30:00,16.25,2023-06-18 00:00:00,10.86,2023-12-27 18:00:00,15.34,2023-12-27 15:00:00,11.34,2023-12-27 18:00:00,19.47,2023-12-27 15:00:00,2023-12-26 23:00:00,2023-12-27 18:00:00,2023-12-27 17:00:00,2023-12-27 17:00:00,2023-12-27 18:00:00
2023-03-31 23:21:00,8.08,2023-10-26 06:00:00,15.93,2023-12-27 18:00:00,9.17,2023-12-27 18:00:00,17.06,2023-12-27 18:00:00,11.79,2023-12-27 18:00:00,11.12,2023-12-27 18:00:00,12.32,2023-12-27 19:30:00,14.86,2023-06-18 01:00:00,11.04,2023-12-27 19:00:00,15.32,2023-12-27 16:00:00,10.4,2023-12-27 19:00:00,16.96,2023-12-27 16:00:00,2023-12-27 00:00:00,2023-12-27 19:00:00,2023-12-27 18:00:00,2023-12-27 18:00:00,2023-12-27 19:00:00
2023-04-01 00:21:00,7.03,2023-10-26 07:00:00,15.97,2023-12-27 19:00:00,9.58,2023-12-27 19:00:00,14.86,2023-12-27 19:00:00,11.49,2023-12-27 19:00:00,11.42,2023-12-27 19:00:00,13.52,2023-12-27 20:30:00,13.58,2023-06-18 02:00:00,11.36,2023-12-27 20:00:00,15.32,2023-12-27 17:00:00,12.24,2023-12-27 20:00:00,14.59,2023-12-27 17:00:00,2023-12-27 01:00:00,2023-12-27 20:00:00,2023-12-27 19:00:00,2023-12-27 19:00:00,2023-12-27 20:00:00
2023-04-01 01:21:00,6.1,2023-10-26 08:00:00,16.09,2023-12-27 20:00:00,9.22,2023-12-27 20:00:00,12.64,2023-12-27 20:00:00,11.34,2023-12-27 20:00:00,11.9,2023-12-27 20:00:00,14.48,2023-12-27 21:30:00,12.36,2023-06-18 03:00:00,12.43,2023-12-27 21:00:00,15.52,2023-12-27 18:00:00,13.9,2023-12-27 21:00:00,12.92,2023-12-27 18:00:00,2023-12-27 02:00:00,2023-12-27 21:00:00,2023-12-27 20:00:00,2023-12-27 20:00:00,2023-12-27 21:00:00
2023-04-01 02:21:00,5.93,2023-10-26 09:00:00,16.72,2023-12-27 21:00:00,9.09,2023-12-27 21:00:00,10.42,2023-12-27 21:00:00,10.96,2023-12-27 21:00:00,12.29,2023-12-27 21:00:00,15.5,2023-12-27 22:30:00,11.26,2023-06-18 04:00:00,14.05,2023-12-27 22:00:00,15.99,2023-12-27 19:00:00,13.0,2023-12-27 22:00:00,11.83,2023-12-27 19:00:00,2023-12-27 03:00:00,2023-12-27 22:00:00,2023-12-27 21:00:00,2023-12-27 21:00:00,2023-12-27 22:00:00
2023-04-01 03:21:00,5.69,2023-10-26 10:00:00,17.56,2023-12-27 22:00:00,9.11,2023-12-27 22:00:00,8.57,2023-12-27 22:00:00,9.85,2023-12-27 22:00:00,12.56,2023-12-27 22:00:00,16.05,2023-12-27 23:30:00,10.08,2023-06-18 05:00:00,16.15,2023-12-27 23:00:00,16.6,2023-12-27 20:00:00,11.55,2023-12-27 23:00:00,11.36,2023-12-27 20:00:00,2023-12-27 04:00:00,2023-12-27 23:00:00,2023-12-27 22:00:00,2023-12-27 22:00:00,2023-12-27 23:00:00
2023-04-01 04:21:00,5.41,2023-10-26 11:00:00,18.17,2023-12-27 23:00:00,9.06,2023-12-27 23:00:00,8.11,2023-12-27 23:00:00,7.92,2023-12-27 23:00:00,12.26,2023-12-27 23:00:00,16.82,2023-12-28 00:30:00,8.85,2023-06-18 06:00:00,17.34,2023-12-28 00:00:00,17.42,2023-12-27 21:00:00,11.31,2023-12-28 00:00:00,11.01,2023-12-27 21:00:00,2023-12-27 05:00:00,2023-12-28 00:00:00,2023-12-27 23:00:00,2023-12-27 23:00:00,2023-12-28 00:00:00
2023-04-01 05:21:00,5.04,2023-10-26 12:00:00,18.24,2023-12-28 00:00:00,8.32,2023-12-28 00:00:00,8.51,2023-12-28 00:00:00,6.21,2023-12-28 00:00:00,11.99,2023-12-28 00:00:00,17.07,2023-12-28 01:30:00,7.8,2023-06-18 07:00:00,17.86,2023-12-28 01:00:00,18.24,2023-12-27 22:00:00,11.18,2023-12-28 01:00:00,11.12,2023-12-27 22:00:00,2023-12-27 06:00:00,2023-12-28 01:00:00,2023-12-28 00:00:00,2023-12-28 00:00:00,2023-12-28 01:00:00
2023-04-01 06:21:00,5.31,2023-10-26 13:00:00,17.78,2023-12-28 01:00:00,7.5,2023-12-28 01:00:00,9.65,2023-12-28 01:00:00,6.46,2023-12-28 01:00:00,11.66,2023-12-28 01:00:00,17.44,2023-12-28 02:30:00,6.67,2023-06-18 08:00:00,18.33,2023-12-28 02:00:00,18.89,2023-12-27 23:00:00,11.83,2023-12-28 02:00:00,11.5,2023-12-27 23:00:00,2023-12-27 07:00:00,2023-12-28 02:00:00,2023-12-28 01:00:00,2023-12-28 01:00:00,2023-12-28 02:00:00
2023-04-01 07:21:00,5.24,2023-10-26 14:00:00,16.99,2023-12-28 02:00:00,7.08,2023-12-28 02:00:00,11.83,2023-12-28 02:00:00,7.93,2023-12-28 02:00:00,11.2,2023-12-28 02:00:00,17.81,2023-12-28 03:30:00,6.17,2023-06-18 09:00:00,18.93,2023-12-28 03:00:00,19.18,2023-12-28 00:00:00,13.8,2023-12-28 03:00:00,11.88,2023-12-28 00:00:00,2023-12-27 08:00:00,2023-12-28 03:00:00,2023-12-28 02:00:00,2023-12-28 02:00:00,2023-12-28 03:00:00
2023-04-01 08:21:00,6.38,2023-10-26 15:00:00,16.44,2023-12-28 03:00:00,8.08,2023-12-28 03:00:00,14.45,2023-12-28 03:00:00,8.73,2023-12-28 03:00:00,10.63,2023-12-28 03:00:00,18.64,2023-12-28 04:30:00,6.01,2023-06-18 10:00:00,19.18,2023-12-28 04:00:00,19.46,2023-12-28 01:00:00,13.81,2023-12-28 04:00:00,12.34,2023-12-28 01:00:00,2023-12-27 09:00:00,2023-12-28 04:00:00,2023-12-28 03:00:00,2023-12-28 03:00:00,2023-12-28 04:00:00
2023-04-01 09:21:00,7.11,2023-10-26 16:00:00,16.45,2023-12-28 04:00:00,8.57,2023-12-28 04:00:00,16.66,2023-12-28 04:00:00,8.63,2023-12-28 04:00:00,10.11,2023-12-28 04:00:00,19.41,2023-12-28 05:30:00,7.22,2023-06-18 11:00:00,18.6,2023-12-28 05:00:00,19.58,2023-12-28 02:00:00,10.59,2023-12-28 05:00:00,12.56,2023-12-28 02:00:00,2023-12-27 10:00:00,2023-12-28 05:00:00,2023-12-28 04:00:00,2023-12-28 04:00:00,2023-12-28 05:00:00
2023-04-01 10:21:00,8.82,2023-10-26 17:00:00,16.09,2023-12-28 05:00:00,7.98,2023-12-28 05:00:00,18.57,2023-12-28 05:00:00,8.2,2023-12-28 05:00:00,9.94,2023-12-28 05:00:00,18.63,2023-12-28 06:30:00,9.5,2023-06-18 12:00:00,18.62,2023-12-28 06:00:00,19.61,2023-12-28 03:00:00,9.2,2023-12-28 06:00:00,12.54,2023-12-28 03:00:00,2023-12-27 11:00:00,2023-12-28 06:00:00,2023-12-28 05:00:00,2023-12-28 05:00:00,2023-12-28 06:00:00
2023-04-01 11:21:00,9.73,2023-10-26 18:00:00,15.72,2023-12-28 06:00:00,7.31,2023-12-28 06:00:00,19.47,2023-12-28 06:00:00,8.23,2023-12-28 06:00:00,9.98,2023-12-28 06:00:00,16.64,2023-12-28 07:30:00,12.76,2023-06-18 13:00:00,19.72,2023-12-28 07:00:00,19.49,2023-12-28 04:00:00,10.42,2023-12-28 07:00:00,11.91,2023-12-28 04:00:00,2023-12-27 12:00:00,2023-12-28 07:00:00,2023-12-28 06:00:00,2023-12-28 06:00:00,2023-12-28 07:00:00
2023-04-01 12:21:00,10.05,2023-10-26 19:00:00,15.48,2023-12-28 07:00:00,7.29,2023-12-28 07:00:00,19.25,2023-12-28 07:00:00,8.65,2023-12-28 07:00:00,10.15,2023-12-28 07:00:00,14.72,2023-12-28 08:30:00,16.37,2023-06-18 14:00:00,19.52,2023-12-28 08:00:00,19.16,2023-12-28 05:00:00,10.6,2023-12-28 08:00:00,11.57,2023-12-28 05:00:00,2023-12-27 13:00:00,2023-12-28 08:00:00,2023-12-28 07:00:00,2023-12-28 07:00:00,2023-12-28 08:00:00
2023-04-01 13:21:00,9.5,2023-10-26 20:00:00,15.89,2023-12-28 08:00:00,7.96,2023-12-28 08:00:00,18.07,2023-12-28 08:00:00,9.27,2023-12-28 08:00:00,10.25,2023-12-28 08:00:00,13.38,2023-12-28 09:30:00,19.34,2023-06-18 15:00:00,17.65,2023-12-28 09:00:00,18.79,2023-12-28 06:00:00,9.95,2023-12-28 09:00:00,11.95,2023-12-28 06:00:00,2023-12-27 14:00:00,2023-12-28 09:00:00,2023-12-28 08:00:00,2023-12-28 08:00:00,2023-12-28 09:00:00
2023-04-01 14:21:00,8.55,2023-10-26 21:00:00,16.17,2023-12-28 09:00:00,8.16,2023-12-28 09:00:00,16.3,2023-12-28 09:00:00,9.6,2023-12-28 09:00:00,10.13,2023-12-28 09:00:00,12.91,2023-12-28 10:30:00,21.4,2023-06-18 16:00:00,15.48,2023-12-28 10:00:00,18.5,2023-12-28 07:00:00,9.91,2023-12-28 10:00:00,13.79,2023-12-28 07:00:00,2023-12-27 15:00:00,2023-12-28 10:00:00,2023-12-28 09:00:00,2023-12-28 09:00:00,2023-12-28 10:00:00
2023-04-01 15:21:00,7.55,2023-10-26 22:00:00,16.37,2023-12-28 10:00:00,7.43,2023-12-28 10:00:00,14.28,2023-12-28 10:00:00,9.59,2023-12-28 10:00:00,9.6,2023-12-28 10:00:00,13.18,2023-12-28 11:30:00,22.39,2023-06-18 17:00:00,13.89,2023-12-28 11:00:00,18.24,2023-12-28 08:00:00,9.99,2023-12-28 11:00:00,16.39,2023-12-28 08:00:00,2023-12-27 16:00:00,2023-12-28 11:00:00,2023-12-28 10:00:00,2023-12-28 10:00:00,2023-12-28 11:00:00
2023-04-01 16:21:00,6.48,2023-10-26 23:00:00,16.5,2023-12-28 11:00:00,6.65,2023-12-28 11:00:00,11.94,2023-12-28 11:00:00,9.17,2023-12-28 11:00:00,8.87,2023-12-28 11:00:00,13.54,2023-12-28 12:30:00,22.6,2023-06-18 18:00:00,12.58,2023-12-28 12:00:00,17.89,2023-12-28 09:00:00,10.21,2023-12-28 12:00:00,18.77,2023-12-28 09:00:00,2023-12-27 17:00:00,2023-12-28 12:00:00,2023-12-28 11:00:00,2023-12-28 11:00:00,2023-12-28 12:00:00
2023-04-01 17:21:00,5.66,2023-10-27 00:00:00,16.44,2023-12-28 12:00:00,6.93,2023-12-28 12:00:00,10.13,2023-12-28 12:00:00,8.88,2023-12-28 12:00:00,8.17,2023-12-28 12:00:00,14.81,2023-12-28 13:30:00,22.17,2023-06-18 19:00:00,11.92,2023-12-28 13:00:00,17.75,2023-12-28 10:00:00,11.84,2023-12-28 13:00:00,20.68,2023-12-28 10:00:00,2023-12-27 18:00:00,2023-12-28 13:00:00,2023-12-28 12:00:00,2023-12-28 12:00:00,2023-12-28 13:00:00
2023-04-01 18:21:00,5.49,2023-10-27 01:00:00,16.56,2023-12-28 13:00:00,7.63,2023-12-28 13:00:00,8.5,2023-12-28 13:00:00,8.38,2023-12-28 13:00:00,7.93,2023-12-28 13:00:00,16.31,2023-12-28 14:30:00,21.26,2023-06-18 20:00:00,11.17,2023-12-28 14:00:00,17.41,2023-12-28 11:00:00,14.36,2023-12-28 14:00:00,21.61,2023-12-28 11:00:00,2023-12-27 19:00:00,2023-12-28 14:00:00,2023-12-28 13:00:00,2023-12-28 13:00:00,2023-12-28 14:00:00
2023-04-01 19:21:00,4.97,2023-10-27 02:00:00,16.41,2023-12-28 14:00:00,7.54,2023-12-28 14:00:00,8.1,2023-12-28 14:00:00,7.57,2023-12-28 14:00:00,8.03,2023-12-28 14:00:00,17.36,2023-12-28 15:30:00,19.87,2023-06-18 21:00:00,10.6,2023-12-28 15:00:00,17.17,2023-12-28 12:00:00,14.8,2023-12-28 15:00:00,22.06,2023-12-28 12:00:00,2023-12-27 20:00:00,2023-12-28 15:00:00,2023-12-28 14:00:00,2023-12-28 14:00:00,2023-12-28 15:00:00
2023-04-01 20:21:00,4.91,2023-10-27 03:00:00,16.33,2023-12-28 15:00:00,7.45,2023-12-28 15:00:00,8.8,2023-12-28 15:00:00,7.16,2023-12-28 15:00:00,8.66,2023-12-28 15:00:00,18.13,2023-12-28 16:30:00,18.5,2023-06-18 22:00:00,9.9,2023-12-28 16:00:00,16.94,2023-12-28 13:00:00,13.42,2023-12-28 16:00:00,21.95,2023-12-28 13:00:00,2023-12-27 21:00:00,2023-12-28 16:00:00,2023-12-28 15:00:00,2023-12-28 15:00:00,2023-12-28 16:00:00
2023-04-01 21:21:00,5.29,2023-10-27 04:00:00,16.29,2023-12-28 16:00:00,7.68,2023-12-28 16:00:00,10.52,2023-12-28 16:00:00,8.2,2023-12-28 16:00:00,9.49,2023-12-28 16:00:00,18.58,2023-12-28 17:30:00,17.23,2023-06-18 23:00:00,9.61,2023-12-28 17:00:00,16.63,2023-12-28 14:00:00,12.2,2023-12-28 17:00:00,21.2,2023-12-28 14:00:00,2023-12-27 22:00:00,2023-12-28 17:00:00,2023-12-28 16:00:00,2023-12-28 16:00:00,2023-12-28 17:00:00
2023-04-01 22:21:00,6.33,2023-10-27 05:00:00,16.15,2023-12-28 17:00:00,9.22,2023-12-28 17:00:00,13.06,2023-12-28 17:00:00,10.58,2023-12-28 17:00:00,10.58,2023-12-28 17:00:00,19.14,2023-12-28 18:30:00,16.09,2023-06-19 00:00:00,9.28,2023-12-28 18:00:00,16.55,2023-12-28 15:00:00,11.41,2023-12-28 18:00:00,19.37,2023-12-28 15:00:00,2023-12-27 23:00:00,2023-12-28 18:00:00,2023-12-28 17:00:00,2023-12-28 17:00:00,2023-12-28 18:00:00
2023-04-01 23:21:00,7.31,2023-10-27 06:00:00,15.96,2023-12-28 18:00:00,11.49,2023-12-28 18:00:00,16.51,2023-12-28 18:00:00,12.47,2023-12-28 18:00:00,11.81,2023-12-28 18:00:00,20.7,2023-12-28 19:30:00,14.74,2023-06-19 01:00:00,9.13,2023-12-28 19:00:00,16.55,2023-12-28 16:00:00,11.37,2023-12-28 19:00:00,16.83,2023-12-28 16:00:00,2023-12-28 00:00:00,2023-12-28 19:00:00,2023-12-28 18:00:00,2023-12-28 18:00:00,2023-12-28 19:00:00
2023-04-02 00:21:00,7.26,2023-10-27 07:00:00,15.95,2023-12-28 19:00:00,12.47,2023-12-28 19:00:00,19.4,2023-12-28 19:00:00,12.29,2023-12-28 19:00:00,12.9,2023-12-28 19:00:00,21.18,2023-12-28 20:30:00,13.75,2023-06-19 02:00:00,9.17,2023-12-28 20:00:00,16.88,2023-12-28 17:00:00,12.35,2023-12-28 20:00:00,14.46,2023-12-28 17:00:00,2023-12-28 01:00:00,2023-12-28 20:00:00,2023-12-28 19:00:00,2023-12-28 19:00:00,2023-12-28 20:00:00
2023-04-02 01:21:00,7.39,2023-10-27 08:00:00,16.02,2023-12-28 20:00:00,11.8,2023-12-28 20:00:00,21.63,2023-12-28 20:00:00,11.97,2023-12-28 20:00:00,13.75,2023-12-28 20:00:00,20.83,2023-12-28 21:30:00,12.63,2023-06-19 03:00:00,9.8,2023-12-28 21:00:00,17.29,2023-12-28 18:00:00,13.85,2023-12-28 21:00:00,12.8,2023-12-28 18:00:00,2023-12-28 02:00:00,2023-12-28 21:00:00,2023-12-28 20:00:00,2023-12-28 20:00:00,2023-12-28 21:00:00
2023-04-02 02:21:00,6.62,2023-10-27 09:00:00,16.22,2023-12-28 21:00:00,10.94,2023-12-28 21:00:00,22.98,2023-12-28 21:00:00,11.52,2023-12-28 21:00:00,14.04,2023-12-28 21:00:00,19.16,2023-12-28 22:30:00,11.52,2023-06-19 04:00:00,11.71,2023-12-28 22:00:00,17.95,2023-12-28 19:00:00,13.59,2023-12-28 22:00:00,11.84,2023-12-28 19:00:00,2023-12-28 03:00:00,2023-12-28 22:00:00,2023-12-28 21:00:00,2023-12-28 21:00:00,2023-12-28 22:00:00
2023-04-02 03:21:00,5.82,2023-10-27 10:00:00,16.7,2023-12-28 22:00:00,10.59,2023-12-28 22:00:00,23.09,2023-12-28 22:00:00,10.51,2023-12-28 22:00:00,13.83,2023-12-28 22:00:00,16.74,2023-12-28 23:30:00,10.54,2023-06-19 05:00:00,13.77,2023-12-28 23:00:00,18.6,2023-12-28 20:00:00,11.99,2023-12-28 23:00:00,11.37,2023-12-28 20:00:00,2023-12-28 04:00:00,2023-12-28 23:00:00,2023-12-28 22:00:00,2023-12-28 22:00:00,2023-12-28 23:00:00
2023-04-02 04:21:00,5.93,2023-10-27 11:00:00,17.18,2023-12-28 23:00:00,10.32,2023-12-28 23:00:00,21.85,2023-12-28 23:00:00,9.08,2023-12-28 23:00:00,13.33,2023-12-28 23:00:00,14.23,2023-12-29 00:30:00,9.53,2023-06-19 06:00:00,14.87,2023-12-29 00:00:00,19.12,2023-12-28 21:00:00,11.12,2023-12-29 00:00:00,11.37,2023-12-28 21:00:00,2023-12-28 05:00:00,2023-12-29 00:00:00,2023-12-28 23:00:00,2023-12-28 23:00:00,2023-12-29 00:00:00
2023-04-02 05:21:00,5.8,2023-10-27 12:00:00,17.32,2023-12-29 00:00:00,9.72,2023-12-29 00:00:00,19.99,2023-12-29 00:00:00,7.29,2023-12-29 00:00:00,12.54,2023-12-29 00:00:00,12.16,2023-12-29 01:30:00,8.95,2023-06-19 07:00:00,15.79,2023-12-29 01:00:00,19.59,2023-12-28 22:00:00,11.19,2023-12-29 01:00:00,11.38,2023-12-28 22:00:00,2023-12-28 06:00:00,2023-12-29 01:00:00,2023-12-29 00:00:00,2023-12-29 00:00:00,2023-12-29 01:00:00
2023-04-02 06:21:00,5.97,2023-10-27 13:00:00,16.82,2023-12-29 01:00:00,8.81,2023-12-29 01:00:00,17.79,2023-12-29 01:00:00,6.67,2023-12-29 01:00:00,11.67,2023-12-29 01:00:00,10.88,2023-12-29 02:30:00,8.35,2023-06-19 08:00:00,16.04,2023-12-29 02:00:00,19.91,2023-12-28 23:00:00,12.54,2023-12-29 02:00:00,11.71,2023-12-28 23:00:00,2023-12-28 07:00:00,2023-12-29 02:00:00,2023-12-29 01:00:00,2023-12-29 01:00:00,2023-12-29 02:00:00
2023-04-02 07:21:00,5.84,2023-10-27 14:00:00,16.07,2023-12-29 02:00:00,8.51,2023-12-29 02:00:00,15.28,2023-12-29 02:00:00,7.3,2023-12-29 02:00:00,10.75,2023-12-29 02:00:00,11.23,2023-12-29 03:30:00,8.34,2023-06-19 09:00:00,16.51,2023-12-29 03:00:00,20.22,2023-12-29 00:00:00,14.16,2023-12-29 03:00:00,12.12,2023-12-29 00:00:00,2023-12-28 08:00:00,2023-12-29 03:00:00,2023-12-29 02:00:00,2023-12-29 02:00:00,2023-12-29 03:00:00
2023-04-02 08:21:00,6.24,2023-10-27 15:00:00,15.77,2023-12-29 03:00:00,8.96,2023-12-29 03:00:00,13.19,2023-12-29 03:00:00,8.13,2023-12-29 03:00:00,9.84,2023-12-29 03:00:00,12.77,2023-12-29 04:30:00,8.92,2023-06-19 10:00:00,17.0,2023-12-29 04:00:00,20.23,2023-12-29 01:00:00,13.74,2023-12-29 04:00:00,12.37,2023-12-29 01:00:00,2023-12-28 09:00:00,2023-12-29 04:00:00,2023-12-29 03:00:00,2023-12-29 03:00:00,2023-12-29 04:00:00
2023-04-02 09:21:00,6.64,2023-10-27 16:00:00,15.8,2023-12-29 04:00:00,9.4,2023-12-29 04:00:00,11.2,2023-12-29 04:00:00,8.7,2023-12-29 04:00:00,9.12,2023-12-29 04:00:00,14.57,2023-12-29 05:30:00,10.53,2023-06-19 11:00:00,16.78,2023-12-29 05:00:00,20.12,2023-12-29 02:00:00,11.41,2023-12-29 05:00:00,12.43,2023-12-29 02:00:00,2023-12-28 10:00:00,2023-12-29 05:00:00,2023-12-29 04:00:00,2023-12-29 04:00:00,2023-12-29 05:00:00
2023-04-02 10:21:00,6.97,2023-10-27 17:00:00,15.93,2023-12-29 05:00:00,9.4,2023-12-29 05:00:00,9.98,2023-12-29 05:00:00,8.91,2023-12-29 05:00:00,8.99,2023-12-29 05:00:00,16.11,2023-12-29 06:30:00,13.34,2023-06-19 12:00:00,16.88,2023-12-29 06:00:00,19.88,2023-12-29 03:00:00,10.0,2023-12-29 06:00:00,12.16,2023-12-29 03:00:00,2023-12-28 11:00:00,2023-12-29 06:00:00,2023-12-29 05:00:00,2023-12-29 05:00:00,2023-12-29 06:00:00
2023-04-02 11:21:00,7.72,2023-10-27 18:00:00,15.67,2023-12-29 06:00:00,9.67,2023-12-29 06:00:00,9.81,2023-12-29 06:00:00,8.83,2023-12-29 06:00:00,9.09,2023-12-29 06:00:00,17.02,2023-12-29 07:30:00,16.9,2023-06-19 13:00:00,18.0,2023-12-29 07:00:00,19.55,2023-12-29 04:00:00,9.91,2023-12-29 07:00:00,11.7,2023-12-29 04:00:00,2023-12-28 12:00:00,2023-12-29 07:00:00,2023-12-29 06:00:00,2023-12-29 06:00:00,2023-12-29 07:00:00
2023-04-02 12:21:00,7.18,2023-10-27 19:00:00,15.43,2023-12-29 07:00:00,10.51,2023-12-29 07:00:00,9.99,2023-12-29 07:00:00,9.18,2023-12-29 07:00:00,9.72,2023-12-29 07:00:00,17.55,2023-12-29 08:30:00,20.45,2023-06-19 14:00:00,18.49,2023-12-29 08:00:00,19.32,2023-12-29 05:00:00,9.97,2023-12-29 08:00:00,11.4,2023-12-29 05:00:00,2023-12-28 13:00:00,2023-12-29 08:00:00,2023-12-29 07:00:00,2023-12-29 07:00:00,2023-12-29 08:00:00
2023-04-02 13:21:00,6.74,2023-10-27 20:00:00,15.71,2023-12-29 08:00:00,11.68,2023-12-29 08:00:00,11.42,2023-12-29 08:00:00,9.66,2023-12-29 08:00:00,10.5,2023-12-29 08:00:00,18.55,2023-12-29 09:30:00,22.88,2023-06-19 15:00:00,17.01,2023-12-29 09:00:00,19.08,2023-12-29 06:00:00,9.81,2023-12-29 09:00:00,12.15,2023-12-29 06:00:00,2023-12-28 14:00:00,2023-12-29 09:00:00,2023-12-29 08:00:00,2023-12-29 08:00:00,2023-12-29 09:00:00
2023-04-02 14:21:00,6.9,2023-10-27 21:00:00,16.19,2023-12-29 09:00:00,11.94,2023-12-29 09:00:00,13.89,2023-12-29 09:00:00,10.27,2023-12-29 09:00:00,11.18,2023-12-29 09:00:00,19.25,2023-12-29 10:30:00,24.11,2023-06-19 16:00:00,14.73,2023-12-29 10:00:00,18.78,2023-12-29 07:00:00,9.75,2023-12-29 10:00:00,13.99,2023-12-29 07:00:00,2023-12-28 15:00:00,2023-12-29 10:00:00,2023-12-29 09:00:00,2023-12-29 09:00:00,2023-12-29 10:00:00
2023-04-02 15:21:00,6.25,2023-10-27 22:00:00,16.42,2023-12-29 10:00:00,10.93,2023-12-29 10:00:00,16.56,2023-12-29 10:00:00,10.25,2023-12-29 10:00:00,11.31,2023-12-29 10:00:00,19.6,2023-12-29 11:30:00,24.39,2023-06-19 17:00:00,12.88,2023-12-29 11:00:00,18.42,2023-12-29 08:00:00,10.12,2023-12-29 11:00:00,16.6,2023-12-29 08:00:00,2023-12-28 16:00:00,2023-12-29 11:00:00,2023-12-29 10:00:00,2023-12-29 10:00:00,2023-12-29 11:00:00
2023-04-02 16:21:00,6.61,2023-10-27 23:00:00,16.49,2023-12-29 11:00:00,9.63,2023-12-29 11:00:00,18.78,2023-12-29 11:00:00,9.53,2023-12-29 11:00:00,10.98,2023-12-29 11:00:00,19.48,2023-12-29 12:30:00,23.93,2023-06-19 18:00:00,11.86,2023-12-29 12:00:00,18.22,2023-12-29 09:00:00,10.68,2023-12-29 12:00:00,19.06,2023-12-29 09:00:00,2023-12-28 17:00:00,2023-12-29 12:00:00,2023-12-29 11:00:00,2023-12-29 11:00:00,2023-12-29 12:00:00
2023-04-02 17:21:00,6.6,2023-10-28 00:00:00,16.34,2023-12-29 12:00:00,8.83,2023-12-29 12:00:00,20.62,2023-12-29 12:00:00,8.92,2023-12-29 12:00:00,10.51,2023-12-29 12:00:00,18.79,2023-12-29 13:30:00,22.96,2023-06-19 19:00:00,10.91,2023-12-29 13:00:00,17.97,2023-12-29 10:00:00,12.5,2023-12-29 13:00:00,20.87,2023-12-29 10:00:00,2023-12-28 18:00:00,2023-12-29 13:00:00,2023-12-29 12:00:00,2023-12-29 12:00:00,2023-12-29 13:00:00
2023-04-02 18:21:00,6.92,2023-10-28 01:00:00,16.16,2023-12-29 13:00:00,8.79,2023-12-29 13:00:00,21.63,2023-12-29 13:00:00,8.16,2023-12-29 13:00:00,10.02,2023-12-29 13:00:00,17.31,2023-12-29 14:30:00,21.64,2023-06-19 20:00:00,10.26,2023-12-29 14:00:00,17.93,2023-12-29 11:00:00,14.3,2023-12-29 14:00:00,22.0,2023-12-29 11:00:00,2023-12-28 19:00:00,2023-12-29 14:00:00,2023-12-29 13:00:00,2023-12-29 13:00:00,2023-12-29 14:00:00
2023-04-02 19:21:00,7.07,2023-10-28 02:00:00,16.08,2023-12-29 14:00:00,8.63,2023-12-29 14:00:00,21.66,2023-12-29 14:00:00,7.59,2023-12-29 14:00:00,9.77,2023-12-29 14:00:00,15.41,2023-12-29 15:30:00,20.24,2023-06-19 21:00:00,9.8,2023-12-29 15:00:00,18.0,2023-12-29 12:00:00,13.94,2023-12-29 15:00:00,22.59,2023-12-29 12:00:00,2023-12-28 20:00:00,2023-12-29 15:00:00,2023-12-29 14:00:00,2023-12-29 14:00:00,2023-12-29 15:00:00
2023-04-02 20:21:00,6.84,2023-10-28 03:00:00,16.04,2023-12-29 15:00:00,8.27,2023-12-29 15:00:00,20.92,2023-12-29 15:00:00,7.43,2023-12-29 15:00:00,9.8,2023-12-29 15:00:00,13.57,2023-12-29 16:30:00,18.84,2023-06-19 22:00:00,9.2,2023-12-29 16:00:00,17.93,2023-12-29 13:00:00,13.27,2023-12-29 16:00:00,22.76,2023-12-29 13:00:00,2023-12-28 21:00:00,2023-12-29 16:00:00,2023-12-29 15:00:00,2023-12-29 15:00:00,2023-12-29 16:00:00
2023-04-02 21:21:00,7.33,2023-10-28 04:00:00,15.94,2023-12-29 16:00:00,8.54,2023-12-29 16:00:00,19.76,2023-12-29 16:00:00,8.17,2023-12-29 16:00:00,10.11,2023-12-29 16:00:00,13.09,2023-12-29 17:30:00,17.4,2023-06-19 23:00:00,9.27,2023-12-29 17:00:00,17.9,2023-12-29 14:00:00,12.69,2023-12-29 17:00:00,22.17,2023-12-29 14:00:00,2023-12-28 22:00:00,2023-12-29 17:00:00,2023-12-29 16:00:00,2023-12-29 16:00:00,2023-12-29 17:00:00
2023-04-02 22:21:00,7.52,2023-10-28 05:00:00,15.7,2023-12-29 17:00:00,10.02,2023-12-29 17:00:00,18.42,2023-12-29 17:00:00,10.09,2023-12-29 17:00:00,10.79,2023-12-29 17:00:00,13.32,2023-12-29 18:30:00,16.15,2023-06-20 00:00:00,8.9,2023-12-29 18:00:00,18.05,2023-12-29 15:00:00,11.95,2023-12-29 18:00:00,20.61,2023-12-29 15:00:00,2023-12-28 23:00:00,2023-12-29 18:00:00,2023-12-29 17:00:00,2023-12-29 17:00:00,2023-12-29 18:00:00
2023-04-02 23:21:00,6.83,2023-10-28 06:00:00,15.49,2023-12-29 18:00:00,11.95,2023-12-29 18:00:00,16.96,2023-12-29 18:00:00,11.64,2023-12-29 18:00:00,11.59,2023-12-29 18:00:00,14.75,2023-12-29 19:30:00,14.98,2023-06-20 01:00:00,8.79,2023-12-29 19:00:00,18.38,2023-12-29 16:00:00,11.76,2023-12-29 19:00:00,18.32,2023-12-29 16:00:00,2023-12-29 00:00:00,2023-12-29 19:00:00,2023-12-29 18:00:00,2023-12-29 18:00:00,2023-12-29 19:00:00
2023-04-03 00:21:00,6.54,2023-10-28 07:00:00,15.44,2023-12-29 19:00:00,12.96,2023-12-29 19:00:00,15.31,2023-12-29 19:00:00,11.9,2023-12-29 19:00:00,12.42,2023-12-29 19:00:00,16.27,2023-12-29 20:30:00,14.1,2023-06-20 02:00:00,9.15,2023-12-29 20:00:00,18.74,2023-12-29 17:00:00,13.1,2023-12-29 20:00:00,15.96,2023-12-29 17:00:00,2023-12-29 01:00:00,2023-12-29 20:00:00,2023-12-29 19:00:00,2023-12-29 19:00:00,2023-12-29 20:00:00
2023-04-03 01:21:00,5.84,2023-10-28 08:00:00,15.46,2023-12-29 20:00:00,13.15,2023-12-29 20:00:00,13.8,2023-12-29 20:00:00,11.54,2023-12-29 20:00:00,13.39,2023-12-29 20:00:00,17.43,2023-12-29 21:30:00,13.24,2023-06-20 03:00:00,10.31,2023-12-29 21:00:00,19.16,2023-12-29 18:00:00,14.27,2023-12-29 21:00:00,14.09,2023-12-29 18:00:00,2023-12-29 02:00:00,2023-12-29 21:00:00,2023-12-29 20:00:00,2023-12-29 20:00:00,2023-12-29 21:00:00
2023-04-03 02:21:00,5.44,2023-10-28 09:00:00,15.79,2023-12-29 21:00:00,13.03,2023-12-29 21:00:00,13.04,2023-12-29 21:00:00,10.83,2023-12-29 21:00:00,14.0,2023-12-29 21:00:00,18.13,2023-12-29 22:30:00,12.39,2023-06-20 04:00:00,11.95,2023-12-29 22:00:00,19.68,2023-12-29 19:00:00,13.64,2023-12-29 22:00:00,12.9,2023-12-29 19:00:00,2023-12-29 03:00:00,2023-12-29 22:00:00,2023-12-29 21:00:00,2023-12-29 21:00:00,2023-12-29 22:00:00
2023-04-03 03:21:00,5.02,2023-10-28 10:00:00,16.18,2023-12-29 22:00:00,13.1,2023-12-29 22:00:00,12.76,2023-12-29 22:00:00,9.83,2023-12-29 22:00:00,14.4,2023-12-29 22:00:00,18.56,2023-12-29 23:30:00,11.69,2023-06-20 05:00:00,13.36,2023-12-29 23:00:00,19.95,2023-12-29 20:00:00,12.68,2023-12-29 23:00:00,12.28,2023-12-29 20:00:00,2023-12-29 04:00:00,2023-12-29 23:00:00,2023-12-29 22:00:00,2023-12-29 22:00:00,2023-12-29 23:00:00
2023-04-03 04:21:00,4.87,2023-10-28 11:00:00,16.54,2023-12-29 23:00:00,13.0,2023-12-29 23:00:00,13.31,2023-12-29 23:00:00,8.63,2023-12-29 23:00:00,14.43,2023-12-29 23:00:00,18.63,2023-12-30 00:30:00,11.18,2023-06-20 06:00:00,14.8,2023-12-30 00:00:00,20.25,2023-12-29 21:00:00,12.47,2023-12-30 00:00:00,11.97,2023-12-29 21:00:00,2023-12-29 05:00:00,2023-12-30 00:00:00,2023-12-29 23:00:00,2023-12-29 23:00:00,2023-12-30 00:00:00
2023-04-03 05:21:00,5.09,2023-10-28 12:00:00,16.64,2023-12-30 00:00:00,12.39,2023-12-30 00:00:00,15.0,2023-12-30 00:00:00,7.61,2023-12-30 00:00:00,14.16,2023-12-30 00:00:00,18.39,2023-12-30 01:30:00,10.87,2023-06-20 07:00:00,15.74,2023-12-30 01:00:00,20.43,2023-12-29 22:00:00,12.42,2023-12-30 01:00:00,11.98,2023-12-29 22:00:00,2023-12-29 06:00:00,2023-12-30 01:00:00,2023-12-30 00:00:00,2023-12-30 00:00:00,2023-12-30 01:00:00
2023-04-03 06:21:00,5.23,2023-10-28 13:00:00,16.32,2023-12-30 01:00:00,11.36,2023-12-30 01:00:00,17.12,2023-12-30 01:00:00,7.25,2023-12-30 01:00:00,13.57,2023-12-30 01:00:00,17.87,2023-12-30 02:30:00,10.77,2023-06-20 08:00:00,16.25,2023-12-30 02:00:00,20.57,2023-12-29 23:00:00,13.25,2023-12-30 02:00:00,12.17,2023-12-29 23:00:00,2023-12-29 07:00:00,2023-12-30 02:00:00,2023-12-30 01:00:00,2023-12-30 01:00:00,2023-12-30 02:00:00
2023-04-03 07:21:00,5.57,2023-10-28 14:00:00,15.87,2023-12-30 02:00:00,10.57,2023-12-30 02:00:00,19.13,2023-12-30 02:00:00,7.62,2023-12-30 02:00:00,12.82,2023-12-30 02:00:00,17.39,2023-12-30 03:30:00,11.14,2023-06-20 09:00:00,16.66,2023-12-30 03:00:00,20.59,2023-12-30 00:00:00,14.48,2023-12-30 03:00:00,12.5,2023-12-30 00:00:00,2023-12-29 08:00:00,2023-12-30 03:00:00,2023-12-30 02:00:00,2023-12-30 02:00:00,2023-12-30 03:00:00
2023-04-03 08:21:00,6.23,2023-10-28 15:00:00,15.63,2023-12-30 03:00:00,10.47,2023-12-30 03:00:00,21.01,2023-12-30 03:00:00,8.08,2023-12-30 03:00:00,11.96,2023-12-30 03:00:00,16.81,2023-12-30 04:30:00,12.4,2023-06-20 10:00:00,17.15,2023-12-30 04:00:00,20.41,2023-12-30 01:00:00,13.75,2023-12-30 04:00:00,12.82,2023-12-30 01:00:00,2023-12-29 09:00:00,2023-12-30 04:00:00,2023-12-30 03:00:00,2023-12-30 03:00:00,2023-12-30 04:00:00
2023-04-03 09:21:00,6.76,2023-10-28 16:00:00,15.68,2023-12-30 04:00:00,10.37,2023-12-30 04:00:00,22.3,2023-12-30 04:00:00,8.33,2023-12-30 04:00:00,11.11,2023-12-30 04:00:00,16.2,2023-12-30 05:30:00,14.63,2023-06-20 11:00:00,16.78,2023-12-30 05:00:00,20.17,2023-12-30 02:00:00,11.54,2023-12-30 05:00:00,12.9,2023-12-30 02:00:00,2023-12-29 10:00:00,2023-12-30 05:00:00,2023-12-30 04:00:00,2023-12-30 04:00:00,2023-12-30 05:00:00
2023-04-03 10:21:00,8.06,2023-10-28 17:00:00,15.74,2023-12-30 05:00:00,9.9,2023-12-30 05:00:00,22.53,2023-12-30 05:00:00,8.3,2023-12-30 05:00:00,10.35,2023-12-30 05:00:00,15.15,2023-12-30 06:30:00,17.62,2023-06-20 12:00:00,17.39,2023-12-30 06:00:00,19.81,2023-12-30 03:00:00,10.4,2023-12-30 06:00:00,12.69,2023-12-30 03:00:00,2023-12-29 11:00:00,2023-12-30 06:00:00,2023-12-30 05:00:00,2023-12-30 05:00:00,2023-12-30 06:00:00
2023-04-03 11:21:00,8.38,2023-10-28 18:00:00,15.57,2023-12-30 06:00:00,9.45,2023-12-30 06:00:00,21.96,2023-12-30 06:00:00,8.05,2023-12-30 06:00:00,9.79,2023-12-30 06:00:00,14.1,2023-12-30 07:30:00,20.72,2023-06-20 13:00:00,17.98,2023-12-30 07:00:00,19.51,2023-12-30 04:00:00,10.3,2023-12-30 07:00:00,12.25,2023-12-30 04:00:00,2023-12-29 12:00:00,2023-12-30 07:00:00,2023-12-30 06:00:00,2023-12-30 06:00:00,2023-12-30 07:00:00
2023-04-03 12:21:00,8.55,2023-10-28 19:00:00,15.42,2023-12-30 07:00:00,9.59,2023-12-30 07:00:00,20.76,2023-12-30 07:00:00,8.15,2023-12-30 07:00:00,9.55,2023-12-30 07:00:00,13.28,2023-12-30 08:30:00,23.28,2023-06-20 14:00:00,17.63,2023-12-30 08:00:00,19.18,2023-12-30 05:00:00,10.18,2023-12-30 08:00:00,12.1,2023-12-30 05:00:00,2023-12-29 13:00:00,2023-12-30 08:00:00,2023-12-30 07:00:00,2023-12-30 07:00:00,2023-12-30 08:00:00
2023-04-03 13:21:00,8.41,2023-10-28 20:00:00,15.62,2023-12-30 08:00:00,10.27,2023-12-30 08:00:00,19.05,2023-12-30 08:00:00,8.75,2023-12-30 08:00:00,9.51,2023-12-30 08:00:00,13.16,2023-12-30 09:30:00,24.85,2023-06-20 15:00:00,16.21,2023-12-30 09:00:00,18.9,2023-12-30 06:00:00,9.95,2023-12-30 09:00:00,12.79,2023-12-30 06:00:00,2023-12-29 14:00:00,2023-12-30 09:00:00,2023-12-30 08:00:00,2023-12-30 08:00:00,2023-12-30 09:00:00
2023-04-03 14:21:00,8.04,2023-10-28 21:00:00,15.93,2023-12-30 09:00:00,10.49,2023-12-30 09:00:00,17.05,2023-12-30 09:00:00,9.52,2023-12-30 09:00:00,9.45,2023-12-30 09:00:00,13.77,2023-12-30 10:30:00,25.51,2023-06-20 16:00:00,14.28,2023-12-30 10:00:00,18.65,2023-12-30 07:00:00,10.12,2023-12-30 10:00:00,14.57,2023-12-30 07:00:00,2023-12-29 15:00:00,2023-12-30 10:00:00,2023-12-30 09:00:00,2023-12-30 09:00:00,2023-12-30 10:00:00
2023-04-03 15:21:00,7.6,2023-10-28 22:00:00,16.11,2023-12-30 10:00:00,9.81,2023-12-30 10:00:00,15.13,2023-12-30 10:00:00,9.81,2023-12-30 10:00:00,9.22,2023-12-30 10:00:00,14.78,2023-12-30 11:30:00,25.44,2023-06-20 17:00:00,12.62,2023-12-30 11:00:00,18.5,2023-12-30 08:00:00,10.39,2023-12-30 11:00:00,17.0,2023-12-30 08:00:00,2023-12-29 16:00:00,2023-12-30 11:00:00,2023-12-30 10:00:00,2023-12-30 10:00:00,2023-12-30 11:00:00
2023-04-03 16:21:00,7.12,2023-10-28 23:00:00,16.06,2023-12-30 11:00:00,8.86,2023-12-30 11:00:00,13.28,2023-12-30 11:00:00,9.31,2023-12-30 11:00:00,8.86,2023-12-30 11:00:00,15.92,2023-12-30 12:30:00,24.89,2023-06-20 18:00:00,11.61,2023-12-30 12:00:00,18.43,2023-12-30 09:00:00,10.93,2023-12-30 12:00:00,19.36,2023-12-30 09:00:00,2023-12-29 17:00:00,2023-12-30 12:00:00,2023-12-30 11:00:00,2023-12-30 11:00:00,2023-12-30 12:00:00
2023-04-03 17:21:00,6.77,2023-10-29 00:00:00,15.89,2023-12-30 12:00:00,8.5,2023-12-30 12:00:00,12.05,2023-12-30 12:00:00,8.7,2023-12-30 12:00:00,8.5,2023-12-30 12:00:00,17.18,2023-12-30 13:30:00,23.98,2023-06-20 19:00:00,10.92,2023-12-30 13:00:00,18.47,2023-12-30 10:00:00,12.63,2023-12-30 13:00:00,21.2,2023-12-30 10:00:00,2023-12-29 18:00:00,2023-12-30 13:00:00,2023-12-30 12:00:00,2023-12-30 12:00:00,2023-12-30 13:00:00
2023-04-03 18:21:00,6.32,2023-10-29 01:00:00,15.71,2023-12-30 13:00:00,8.49,2023-12-30 13:00:00,11.66,2023-12-30 13:00:00,8.07,2023-12-30 13:00:00,8.29,2023-12-30 13:00:00,18.18,2023-12-30 14:30:00,22.83,2023-06-20 20:00:00,10.43,2023-12-30 14:00:00,18.6,2023-12-30 11:00:00,14.15,2023-12-30 14:00:00,22.39,2023-12-30 11:00:00,2023-12-29 19:00:00,2023-12-30 14:00:00,2023-12-30 13:00:00,2023-12-30 13:00:00,2023-12-30 14:00:00
2023-04-03 19:21:00,5.88,2023-10-29 02:00:00,15.57,2023-12-30 14:00:00,8.27,2023-12-30 14:00:00,12.24,2023-12-30 14:00:00,7.54,2023-12-30 14:00:00,8.43,2023-12-30 14:00:00,18.74,2023-12-30 15:30:00,21.49,2023-06-20 21:00:00,10.01,2023-12-30 15:00:00,18.7,2023-12-30 12:00:00,14.2,2023-12-30 15:00:00,23.13,2023-12-30 12:00:00,2023-12-29 20:00:00,2023-12-30 15:00:00,2023-12-30 14:00:00,2023-12-30 14:00:00,2023-12-30 15:00:00
2023-04-03 20:21:00,5.76,2023-10-29 03:00:00,15.5,2023-12-30 15:00:00,7.89,2023-12-30 15:00:00,13.88,2023-12-30 15:00:00,7.54,2023-12-30 15:00:00,8.91,2023-12-30 15:00:00,18.86,2023-12-30 16:30:00,20.04,2023-06-20 22:00:00,9.73,2023-12-30 16:00:00,18.87,2023-12-30 13:00:00,13.59,2023-12-30 16:00:00,23.4,2023-12-30 13:00:00,2023-12-29 21:00:00,2023-12-30 16:00:00,2023-12-30 15:00:00,2023-12-30 15:00:00,2023-12-30 16:00:00
2023-04-03 21:21:00,5.79,2023-10-29 04:00:00,15.4,2023-12-30 16:00:00,8.15,2023-12-30 16:00:00,16.4,2023-12-30 16:00:00,8.24,2023-12-30 16:00:00,9.69,2023-12-30 16:00:00,18.69,2023-12-30 17:30:00,18.62,2023-06-20 23:00:00,9.65,2023-12-30 17:00:00,19.07,2023-12-30 14:00:00,13.14,2023-12-30 17:00:00,22.97,2023-12-30 14:00:00,2023-12-29 22:00:00,2023-12-30 17:00:00,2023-12-30 16:00:00,2023-12-30 16:00:00,2023-12-30 17:00:00
2023-04-03 22:21:00,6.15,2023-10-29 05:00:00,15.25,2023-12-30 17:00:00,9.57,2023-12-30 17:00:00,19.33,2023-12-30 17:00:00,9.71,2023-12-30 17:00:00,10.63,2023-12-30 17:00:00,18.41,2023-12-30 18:30:00,17.32,2023-06-21 00:00:00,9.54,2023-12-30 18:00:00,19.34,2023-12-30 15:00:00,12.61,2023-12-30 18:00:00,21.59,2023-12-30 15:00:00,2023-12-29 23:00:00,2023-12-30 18:00:00,2023-12-30 17:00:00,2023-12-30 17:00:00,2023-12-30 18:00:00
2023-04-03 23:21:00,6.36,2023-10-29 06:00:00,15.13,2023-12-30 18:00:00,11.45,2023-12-30 18:00:00,22.05,2023-12-30 18:00:00,10.93,2023-12-30 18:00:00,11.66,2023-12-30 18:00:00,18.35,2023-12-30 19:30:00,16.21,2023-06-21 01:00:00,9.56,2023-12-30 19:00:00,19.6,2023-12-30 16:00:00,12.49,2023-12-30 19:00:00,19.52,2023-12-30 16:00:00,2023-12-30 00:00:00,2023-12-30 19:00:00,2023-12-30 18:00:00,2023-12-30 18:00:00,2023-12-30 19:00:00
2023-04-04 00:21:00,6.31,2023-10-29 07:00:00,15.09,2023-12-30 19:00:00,12.47,2023-12-30 19:00:00,24.07,2023-12-30 19:00:00,11.19,2023-12-30 19:00:00,12.62,2023-12-30 19:00:00,17.95,2023-12-30 20:30:00,15.23,2023-06-21 02:00:00,9.88,2023-12-30 20:00:00,19.91,2023-12-30 17:00:00,13.5,2023-12-30 20:00:00,17.26,2023-12-30 17:00:00,2023-12-30 01:00:00,2023-12-30 20:00:00,2023-12-30 19:00:00,2023-12-30 19:00:00,2023-12-30 20:00:00
2023-04-04 01:21:00,6.34,2023-10-29 08:00:00,15.18,2023-12-30 20:00:00,12.51,2023-12-30 20:00:00,25.06,2023-12-30 20:00:00,11.06,2023-12-30 20:00:00,13.34,2023-12-30 20:00:00,17.25,2023-12-30 21:30:00,14.36,2023-06-21 03:00:00,10.75,2023-12-30 21:00:00,20.19,2023-12-30 18:00:00,14.4,2023-12-30 21:00:00,15.4,2023-12-30 18:00:00,2023-12-30 02:00:00,2023-12-30 21:00:00,2023-12-30 20:00:00,2023-12-30 20:00:00,2023-12-30 21:00:00
2023-04-04 02:21:00,6.23,2023-10-29 09:00:00,15.49,2023-12-30 21:00:00,12.29,2023-12-30 21:00:00,25.01,2023-12-30 21:00:00,10.49,2023-12-30 21:00:00,13.74,2023-12-30 21:00:00,16.2,2023-12-30 22:30:00,13.63,2023-06-21 04:00:00,12.24,2023-12-30 22:00:00,20.35,2023-12-30 19:00:00,14.04,2023-12-30 22:00:00,14.23,2023-12-30 19:00:00,2023-12-30 03:00:00,2023-12-30 22:00:00,2023-12-30 21:00:00,2023-12-30 21:00:00,2023-12-30 22:00:00
2023-04-04 03:21:00,6.26,2023-10-29 10:00:00,15.94,2023-12-30 22:00:00,12.31,2023-12-30 22:00:00,23.91,2023-12-30 22:00:00,9.44,2023-12-30 22:00:00,13.75,2023-12-30 22:00:00,14.98,2023-12-30 23:30:00,13.07,2023-06-21 05:00:00,13.82,2023-12-30 23:00:00,20.51,2023-12-30 20:00:00,13.22,2023-12-30 23:00:00,13.58,2023-12-30 20:00:00,2023-12-30 04:00:00,2023-12-30 23:00:00,2023-12-30 22:00:00,2023-12-30 22:00:00,2023-12-30 23:00:00
2023-04-04 04:21:00,6.37,2023-10-29 11:00:00,16.33,2023-12-30 23:00:00,12.3,2023-12-30 23:00:00,22.03,2023-12-30 23:00:00,8.19,2023-12-30 23:00:00,13.39,2023-12-30 23:00:00,14.11,2023-12-31 00:30:00,12.75,2023-06-21 06:00:00,14.97,2023-12-31 00:00:00,20.55,2023-12-30 21:00:00,12.82,2023-12-31 00:00:00,13.35,2023-12-30 21:00:00,2023-12-30 05:00:00,2023-12-31 00:00:00,2023-12-30 23:00:00,2023-12-30 23:00:00,2023-12-31 00:00:00
2023-04-04 05:21:00,6.53,2023-10-29 12:00:00,16.47,2023-12-31 00:00:00,11.89,2023-12-31 00:00:00,19.8,2023-12-31 00:00:00,7.13,2023-12-31 00:00:00,12.74,2023-12-31 00:00:00,13.68,2023-12-31 01:30:00,12.74,2023-06-21 07:00:00,15.71,2023-12-31 01:00:00,20.55,2023-12-30 22:00:00,12.87,2023-12-31 01:00:00,13.34,2023-12-30 22:00:00,2023-12-30 06:00:00,2023-12-31 01:00:00,2023-12-31 00:00:00,2023-12-31 00:00:00,2023-12-31 01:00:00
2023-04-04 06:21:00,6.76,2023-10-29 13:00:00,16.21,2023-12-31 01:00:00,11.05,2023-12-31 01:00:00,17.56,2023-12-31 01:00:00,6.86,2023-12-31 01:00:00,11.96,2023-12-31 01:00:00,13.82,2023-12-31 02:30:00,13.12,2023-06-21 08:00:00,16.16,2023-12-31 02:00:00,20.51,2023-12-30 23:00:00,13.59,2023-12-31 02:00:00,13.55,2023-12-30 23:00:00,2023-12-30 07:00:00,2023-12-31 02:00:00,2023-12-31 01:00:00,2023-12-31 01:00:00,2023-12-31 02:00:00
2023-04-04 07:21:00,6.96,2023-10-29 14:00:00,15.8,2023-12-31 02:00:00,10.38,2023-12-31 02:00:00,15.46,2023-12-31 02:00:00,7.26,2023-12-31 02:00:00,11.16,2023-12-31 02:00:00,14.68,2023-12-31 03:30:00,14.16,2023-06-21 09:00:00,16.58,2023-12-31 03:00:00,20.41,2023-12-31 00:00:00,14.45,2023-12-31 03:00:00,13.83,2023-12-31 00:00:00,2023-12-30 08:00:00,2023-12-31 03:00:00,2023-12-31 02:00:00,2023-12-31 02:00:00,2023-12-31 03:00:00
2023-04-04 08:21:00,7.33,2023-10-29 15:00:00,15.55,2023-12-31 03:00:00,10.14,2023-12-31 03:00:00,13.91,2023-12-31 03:00:00,7.78,2023-12-31 03:00:00,10.49,2023-12-31 03:00:00,15.96,2023-12-31 04:30:00,16.1,2023-06-21 10:00:00,16.67,2023-12-31 04:00:00,20.22,2023-12-31 01:00:00,13.86,2023-12-31 04:00:00,14.07,2023-12-31 01:00:00,2023-12-30 09:00:00,2023-12-31 04:00:00,2023-12-31 03:00:00,2023-12-31 03:00:00,2023-12-31 04:00:00
2023-04-04 09:21:00,7.82,2023-10-29 16:00:00,15.52,2023-12-31 04:00:00,9.88,2023-12-31 04:00:00,13.09,2023-12-31 04:00:00,8.08,2023-12-31 04:00:00,9.96,2023-12-31 04:00:00,17.3,2023-12-31 05:30:00,18.89,2023-06-21 11:00:00,16.45,2023-12-31 05:00:00,19.95,2023-12-31 02:00:00,12.03,2023-12-31 05:00:00,14.15,2023-12-31 02:00:00,2023-12-30 10:00:00,2023-12-31 05:00:00,2023-12-31 04:00:00,2023-12-31 04:00:00,2023-12-31 05:00:00
2023-04-04 10:21:00,8.05,2023-10-29 17:00:00,15.49,2023-12-31 05:00:00,9.28,2023-12-31 05:00:00,13.05,2023-12-31 05:00:00,8.08,2023-12-31 05:00:00,9.62,2023-12-31 05:00:00,18.22,2023-12-31 06:30:00,22.03,2023-06-21 12:00:00,16.65,2023-12-31 06:00:00,19.71,2023-12-31 03:00:00,10.86,2023-12-31 06:00:00,13.95,2023-12-31 03:00:00,2023-12-30 11:00:00,2023-12-31 06:00:00,2023-12-31 05:00:00,2023-12-31 05:00:00,2023-12-31 06:00:00
2023-04-04 11:21:00,8.12,2023-10-29 18:00:00,15.29,2023-12-31 06:00:00,8.82,2023-12-31 06:00:00,13.98,2023-12-31 06:00:00,8.05,2023-12-31 06:00:00,9.47,2023-12-31 06:00:00,18.48,2023-12-31 07:30:00,24.83,2023-06-21 13:00:00,17.03,2023-12-31 07:00:00,19.44,2023-12-31 04:00:00,10.91,2023-12-31 07:00:00,13.61,2023-12-31 04:00:00,2023-12-30 12:00:00,2023-12-31 07:00:00,2023-12-31 06:00:00,2023-12-31 06:00:00,2023-12-31 07:00:00
2023-04-04 12:21:00,7.79,2023-10-29 19:00:00,15.15,2023-12-31 07:00:00,8.94,2023-12-31 07:00:00,15.8,2023-12-31 07:00:00,8.38,2023-12-31 07:00:00,9.49,2023-12-31 07:00:00,18.4,2023-12-31 08:30:00,26.82,2023-06-21 14:00:00,16.74,2023-12-31 08:00:00,19.24,2023-12-31 05:00:00,10.98,2023-12-31 08:00:00,13.51,2023-12-31 05:00:00,2023-12-30 13:00:00,2023-12-31 08:00:00,2023-12-31 07:00:00,2023-12-31 07:00:00,2023-12-31 08:00:00
2023-04-04 13:21:00,7.39,2023-10-29 20:00:00,15.25,2023-12-31 08:00:00,9.45,2023-12-31 08:00:00,18.1,2023-12-31 08:00:00,8.98,2023-12-31 08:00:00,9.59,2023-12-31 08:00:00,18.13,2023-12-31 09:30:00,27.83,2023-06-21 15:00:00,15.45,2023-12-31 09:00:00,19.06,2023-12-31 06:00:00,10.87,2023-12-31 09:00:00,14.21,2023-12-31 06:00:00,2023-12-30 14:00:00,2023-12-31 09:00:00,2023-12-31 08:00:00,2023-12-31 08:00:00,2023-12-31 09:00:00
2023-04-04 14:21:00,6.97,2023-10-29 21:00:00,15.53,2023-12-31 09:00:00,9.55,2023-12-31 09:00:00,20.51,2023-12-31 09:00:00,9.49,2023-12-31 09:00:00,9.65,2023-12-31 09:00:00,17.79,2023-12-31 10:30:00,28.05,2023-06-21 16:00:00,13.72,2023-12-31 10:00:00,18.97,2023-12-31 07:00:00,11.08,2023-12-31 10:00:00,15.83,2023-12-31 07:00:00,2023-12-30 15:00:00,2023-12-31 10:00:00,2023-12-31 09:00:00,2023-12-31 09:00:00,2023-12-31 10:00:00
2023-04-04 15:21:00,6.6,2023-10-29 22:00:00,15.74,2023-12-31 10:00:00,8.96,2023-12-31 10:00:00,22.54,2023-12-31 10:00:00,9.51,2023-12-31 10:00:00,9.57,2023-12-31 10:00:00,17.32,2023-12-31 11:30:00,27.64,2023-06-21 17:00:00,12.37,2023-12-31 11:00:00,18.94,2023-12-31 08:00:00,11.2,2023-12-31 11:00:00,18.06,2023-12-31 08:00:00,2023-12-30 16:00:00,2023-12-31 11:00:00,2023-12-31 10:00:00,2023-12-31 10:00:00,2023-12-31 11:00:00
2023-04-04 16:21:00,6.52,2023-10-29 23:00:00,15.77,2023-12-31 11:00:00,8.24,2023-12-31 11:00:00,23.77,2023-12-31 11:00:00,9.09,2023-12-31 11:00:00,9.32,2023-12-31 11:00:00,16.73,2023-12-31 12:30:00,26.8,2023-06-21 18:00:00,11.57,2023-12-31 12:00:00,18.94,2023-12-31 09:00:00,11.69,2023-12-31 12:00:00,20.27,2023-12-31 09:00:00,2023-12-30 17:00:00,2023-12-31 12:00:00,2023-12-31 11:00:00,2023-12-31 11:00:00,2023-12-31 12:00:00
2023-04-04 17:21:00,6.46,2023-10-30 00:00:00,15.63,2023-12-31 12:00:00,8.11,2023-12-31 12:00:00,24.07,2023-12-31 12:00:00,8.66,2023-12-31 12:00:00,9.03,2023-12-31 12:00:00,16.06,2023-12-31 13:30:00,25.62,2023-06-21 19:00:00,11.05,2023-12-31 13:00:00,19.03,2023-12-31 10:00:00,13.13,2023-12-31 13:00:00,22.06,2023-12-31 10:00:00,2023-12-30 18:00:00,2023-12-31 13:00:00,2023-12-31 12:00:00,2023-12-31 12:00:00,2023-12-31 13:00:00
2023-04-04 18:21:00,6.57,2023-10-30 01:00:00,15.46,2023-12-31 13:00:00,8.53,2023-12-31 13:00:00,23.55,2023-12-31 13:00:00,8.17,2023-12-31 13:00:00,8.86,2023-12-31 13:00:00,15.47,2023-12-31 14:30:00,24.22,2023-06-21 20:00:00,10.67,2023-12-31 14:00:00,19.14,2023-12-31 11:00:00,14.6,2023-12-31 14:00:00,23.36,2023-12-31 11:00:00,2023-12-30 19:00:00,2023-12-31 14:00:00,2023-12-31 13:00:00,2023-12-31 13:00:00,2023-12-31 14:00:00
2023-04-04 19:21:00,6.8,2023-10-30 02:00:00,15.32,2023-12-31 14:00:00,8.79,2023-12-31 14:00:00,22.31,2023-12-31 14:00:00,7.63,2023-12-31 14:00:00,8.92,2023-12-31 14:00:00,14.99,2023-12-31 15:30:00,22.64,2023-06-21 21:00:00,10.35,2023-12-31 15:00:00,19.31,2023-12-31 12:00:00,14.89,2023-12-31 15:00:00,24.18,2023-12-31 12:00:00,2023-12-30 20:00:00,2023-12-31 15:00:00,2023-12-31 14:00:00,2023-12-31 14:00:00,2023-12-31 15:00:00
2023-04-04 20:21:00,6.95,2023-10-30 03:00:00,15.25,2023-12-31 15:00:00,8.78,2023-12-31 15:00:00,20.68,2023-12-31 15:00:00,7.5,2023-12-31 15:00:00,9.29,2023-12-31 15:00:00,14.8,2023-12-31 16:30:00,21.0,2023-06-21 22:00:00,10.11,2023-12-31 16:00:00,19.49,2023-12-31 13:00:00,14.32,2023-12-31 16:00:00,24.61,2023-12-31 13:00:00,2023-12-30 21:00:00,2023-12-31 16:00:00,2023-12-31 15:00:00,2023-12-31 15:00:00,2023-12-31 16:00:00
2023-04-04 21:21:00,7.26,2023-10-30 04:00:00,15.22,2023-12-31 16:00:00,9.1,2023-12-31 16:00:00,19.1,2023-12-31 16:00:00,8.16,2023-12-31 16:00:00,9.87,2023-12-31 16:00:00,15.09,2023-12-31 17:30:00,19.46,2023-06-21 23:00:00,9.99,2023-12-31 17:00:00,19.7,2023-12-31 14:00:00,13.81,2023-12-31 17:00:00,24.36,2023-12-31 14:00:00,2023-12-30 22:00:00,2023-12-31 17:00:00,2023-12-31 16:00:00,2023-12-31 16:00:00,2023-12-31 17:00:00
2023-04-04 22:21:00,7.44,2023-10-30 05:00:00,15.13,2023-12-31 17:00:00,10.26,2023-12-31 17:00:00,17.65,2023-12-31 17:00:00,9.51,2023-12-31 17:00:00,10.63,2023-12-31 17:00:00,15.89,2023-12-31 18:30:00,18.11,2023-06-22 00:00:00,9.86,2023-12-31 18:00:00,19.89,2023-12-31 15:00:00,13.19,2023-12-31 18:00:00,23.27,2023-12-31 15:00:00,2023-12-30 23:00:00,2023-12-31 18:00:00,2023-12-31 17:00:00,2023-12-31 17:00:00,2023-12-31 18:00:00
2023-04-04 23:21:00,7.32,2023-10-30 06:00:00,15.07,2023-12-31 18:00:00,11.65,2023-12-31 18:00:00,16.51,2023-12-31 18:00:00,10.57,2023-12-31 18:00:00,11.48,2023-12-31 18:00:00,17.11,2023-12-31 19:30:00,17.01,2023-06-22 01:00:00,9.94,2023-12-31 19:00:00,20.05,2023-12-31 16:00:00,13.0,2023-12-31 19:00:00,21.43,2023-12-31 16:00:00,2023-12-31 00:00:00,2023-12-31 19:00:00,2023-12-31 18:00:00,2023-12-31 18:00:00,2023-12-31 19:00:00
2023-04-05 00:21:00,7.14,2023-10-30 07:00:00,15.09,2023-12-31 19:00:00,12.27,2023-12-31 19:00:00,15.93,2023-12-31 19:00:00,10.71,2023-12-31 19:00:00,12.32,2023-12-31 19:00:00,18.33,2023-12-31 20:30:00,16.06,2023-06-22 02:00:00,10.24,2023-12-31 20:00:00,20.21,2023-12-31 17:00:00,13.88,2023-12-31 20:00:00,19.31,2023-12-31 17:00:00,2023-12-31 01:00:00,2023-12-31 20:00:00,2023-12-31 19:00:00,2023-12-31 19:00:00,2023-12-31 20:00:00
2023-04-05 01:21:00,6.72,2023-10-30 08:00:00,15.21,2023-12-31 20:00:00,12.1,2023-12-31 20:00:00,15.9,2023-12-31 20:00:00,10.49,2023-12-31 20:00:00,13.03,2023-12-31 20:00:00,19.07,2023-12-31 21:30:00,15.3,2023-06-22 03:00:00,11.04,2023-12-31 21:00:00,20.32,2023-12-31 18:00:00,14.81,2023-12-31 21:00:00,17.45,2023-12-31 18:00:00,2023-12-31 02:00:00,2023-12-31 21:00:00,2023-12-31 20:00:00,2023-12-31 20:00:00,2023-12-31 21:00:00
2023-04-05 02:21:00,6.31,2023-10-30 09:00:00,15.53,2023-12-31 21:00:00,11.76,2023-12-31 21:00:00,16.61,2023-12-31 21:00:00,10.02,2023-12-31 21:00:00,13.5,2023-12-31 21:00:00,19.29,2023-12-31 22:30:00,14.74,2023-06-22 04:00:00,12.33,2023-12-31 22:00:00,20.43,2023-12-31 19:00:00,14.56,2023-12-31 22:00:00,16.15,2023-12-31 19:00:00,2023-12-31 03:00:00,2023-12-31 22:00:00,2023-12-31 21:00:00,2023-12-31 21:00:00,2023-12-31 22:00:00
2023-04-05 03:21:00,6.07,2023-10-30 10:00:00,15.92,2023-12-31 22:00:00,11.63,2023-12-31 22:00:00,18.08,2023-12-31 22:00:00,9.15,2023-12-31 22:00:00,13.65,2023-12-31 22:00:00,19.02,2023-12-31 23:30:00,14.49,2023-06-22 05:00:00,13.61,2023-12-31 23:00:00,20.48,2023-12-31 20:00:00,13.69,2023-12-31 23:00:00,15.45,2023-12-31 20:00:00,2023-12-31 04:00:00,2023-12-31 23:00:00,2023-12-31 22:00:00,2023-12-31 22:00:00,2023-12-31 23:00:00
2023-04-05 04:21:00,5.92,2023-10-30 11:00:00,16.24,2023-12-31 23:00:00,11.52,2023-12-31 23:00:00,20.08,2023-12-31 23:00:00,8.08,2023-12-31 23:00:00,13.49,2023-12-31 23:00:00,18.43,2024-01-01 00:30:00,14.59,2023-06-22 06:00:00,14.68,2024-01-01 00:00:00,20.49,2023-12-31 21:00:00,13.3,2024-01-01 00:00:00,15.13,2023-12-31 21:00:00,2023-12-31 05:00:00,2024-01-01 00:00:00,2023-12-31 23:00:00,2023-12-31 23:00:00,2024-01-01 00:00:00
2023-04-05 05:21:00,6.12,2023-10-30 12:00:00,16.28,2024-01-01 00:00:00,11.04,2024-01-01 00:00:00,22.27,2024-01-01 00:00:00,7.21,2024-01-01 00:00:00,13.06,2024-01-01 00:00:00,17.54,2024-01-01 01:30:00,15.21,2023-06-22 07:00:00,15.34,2024-01-01 01:00:00,20.47,2023-12-31 22:00:00,13.38,2024-01-01 01:00:00,15.12,2023-12-31 22:00:00,2023-12-31 06:00:00,2024-01-01 01:00:00,2024-01-01 00:00:00,2024-01-01 00:00:00,2024-01-01 01:00:00
2023-04-05 06:21:00,6.3,2023-10-30 13:00:00,16.02,2024-01-01 01:00:00,10.31,2024-01-01 01:00:00,24.15,2024-01-01 01:00:00,7.02,2024-01-01 01:00:00,12.45,2024-01-01 01:00:00,16.6,2024-01-01 02:30:00,16.55,2023-06-22 08:00:00,15.68,2024-01-01 02:00:00,20.38,2023-12-31 23:00:00,13.95,2024-01-01 02:00:00,15.25,2023-12-31 23:00:00,2023-12-31 07:00:00,2024-01-01 02:00:00,2024-01-01 01:00:00,2024-01-01 01:00:00,2024-01-01 02:00:00
2023-04-05 07:21:00,6.62,2023-10-30 14:00:00,15.62,2024-01-01 02:00:00,9.81,2024-01-01 02:00:00,25.29,2024-01-01 02:00:00,7.42,2024-01-01 02:00:00,11.73,2024-01-01 02:00:00,15.88,2024-01-01 03:30:00,18.78,2023-06-22 09:00:00,15.97,2024-01-01 03:00:00,20.26,2024-01-01 00:00:00,14.71,2024-01-01 03:00:00,15.46,2024-01-01 00:00:00,2023-12-31 08:00:00,2024-01-01 03:00:00,2024-01-01 02:00:00,2024-01-01 02:00:00,2024-01-01 03:00:00
2023-04-05 08:21:00,7.08,2023-10-30 15:00:00,15.34,2024-01-01 03:00:00,9.82,2024-01-01 03:00:00,25.64,2024-01-01 03:00:00,7.86,2024-01-01 03:00:00,10.99,2024-01-01 03:00:00,15.57,2024-01-01 04:30:00,21.85,2023-06-22 10:00:00,16.01,2024-01-01 04:00:00,20.12,2024-01-01 01:00:00,14.42,2024-01-01 04:00:00,15.61,2024-01-01 01:00:00,2023-12-31 09:00:00,2024-01-01 04:00:00,2024-01-01 03:00:00,2024-01-01 03:00:00,2024-01-01 04:00:00
2023-04-05 09:21:00,7.52,2023-10-30 16:00:00,15.29,2024-01-01 04:00:00,9.86,2024-01-01 04:00:00,25.13,2024-01-01 04:00:00,8.11,2024-01-01 04:00:00,10.35,2024-01-01 04:00:00,15.54,2024-01-01 05:30:00,25.25,2023-06-22 11:00:00,15.86,2024-01-01 05:00:00,19.99,2024-01-01 02:00:00,12.78,2024-01-01 05:00:00,15.6,2024-01-01 02:00:00,2023-12-31 10:00:00,2024-01-01 05:00:00,2024-01-01 04:00:00,2024-01-01 04:00:00,2024-01-01 05:00:00
2023-04-05 10:21:00,7.99,2023-10-30 17:00:00,15.27,2024-01-01 05:00:00,9.58,2024-01-01 05:00:00,23.87,2024-01-01 05:00:00,8.15,2024-01-01 05:00:00,9.92,2024-01-01 05:00:00,15.57,2024-01-01 06:30:00,28.19,2023-06-22 12:00:00,16.0,2024-01-01 06:00:00,19.82,2024-01-01 03:00:00,11.53,2024-01-01 06:00:00,15.38,2024-01-01 03:00:00,2023-12-31 11:00:00,2024-01-01 06:00:00,2024-01-01 05:00:00,2024-01-01 05:00:00,2024-01-01 06:00:00
2023-04-05 11:21:00,8.27,2023-10-30 18:00:00,15.13,2024-01-01 06:00:00,9.25,2024-01-01 06:00:00,22.12,2024-01-01 06:00:00,8.21,2024-01-01 06:00:00,9.72,2024-01-01 06:00:00,15.55,2024-01-01 07:30:00,30.07,2023-06-22 13:00:00,16.33,2024-01-01 07:00:00,19.66,2024-01-01 04:00:00,11.55,2024-01-01 07:00:00,15.02,2024-01-01 04:00:00,2023-12-31 12:00:00,2024-01-01 07:00:00,2024-01-01 06:00:00,2024-01-01 06:00:00,2024-01-01 07:00:00
2023-04-05 12:21:00,8.29,2023-10-30 19:00:00,15.05,2024-01-01 07:00:00,9.33,2024-01-01 07:00:00,20.19,2024-01-01 07:00:00,8.58,2024-01-01 07:00:00,9.72,2024-01-01 07:00:00,15.66,2024-01-01 08:30:00,30.86,2023-06-22 14:00:00,16.18,2024-01-01 08:00:00,19.5,2024-01-01 05:00:00,11.74,2024-01-01 08:00:00,14.95,2024-01-01 05:00:00,2023-12-31 13:00:00,2024-01-01 08:00:00,2024-01-01 07:00:00,2024-01-01 07:00:00,2024-01-01 08:00:00
